id,distancia
0-1,1
0-2,6
0-3,7
0-4,10
0-5,11
0-6,14
0-7,15
0-8,1
0-9,6
0-10,7
0-11,10
0-12,11
0-13,14
0-14,15
0-15,18
0-16,4
0-17,7
0-18,8
0-19,15
0-20,16
0-21,19
0-22,20
0-23,23
0-24,5
0-25,8
0-26,9
0-27,12
0-28,15
0-29,16
0-30,19
0-31,20
0-32,8
0-33,9
0-34,12
0-35,13
0-36,16
0-37,17
0-38,20
0-39,21
0-40,9
0-41,12
0-42,13
0-43,16
0-44,17
0-45,20
0-46,21
0-47,24
0-48,10
0-49,17
0-50,14
0-51,21
0-52,22
0-53,25
0-54,26
0-55,29
0-56,11
0-57,14
0-58,15
0-59,18
0-60,21
0-61,22
0-62,25
0-63,26
0-64,14
0-65,15
0-66,18
0-67,19
0-68,22
0-69,23
0-70,26
0-71,27
0-72,15
0-73,18
0-74,19
0-75,22
0-76,23
0-77,26
0-78,27
0-79,30
0-80,16
0-81,23
0-82,20
0-83,27
0-84,28
0-85,31
0-86,32
0-87,35
0-88,17
0-89,20
0-90,21
0-91,24
0-92,27
0-93,28
0-94,31
0-95,32
0-96,20
0-97,21
0-98,24
0-99,25
0-100,28
0-101,29
0-102,32
0-103,33
0-104,21
0-105,24
0-106,25
0-107,28
0-108,29
0-109,32
0-110,33
0-111,36
0-112,22
0-113,29
0-114,26
0-115,33
0-116,34
0-117,37
0-118,38
0-119,41
0-120,23
0-121,26
0-122,27
0-123,30
0-124,33
0-125,34
0-126,37
0-127,38
0-1001,2
1-2,3
1-3,6
1-4,9
1-5,10
1-6,13
1-7,14
1-8,6
1-9,1
1-10,4
1-11,9
1-12,10
1-13,13
1-14,14
1-15,17
1-16,11
1-17,4
1-18,5
1-19,12
1-20,13
1-21,16
1-22,17
1-23,20
1-24,8
1-25,5
1-26,6
1-27,9
1-28,12
1-29,13
1-30,16
1-31,17
1-32,9
1-33,8
1-34,9
1-35,10
1-36,13
1-37,14
1-38,17
1-39,18
1-40,12
1-41,9
1-42,10
1-43,13
1-44,14
1-45,17
1-46,18
1-47,21
1-48,17
1-49,10
1-50,11
1-51,18
1-52,19
1-53,22
1-54,23
1-55,26
1-56,14
1-57,11
1-58,12
1-59,15
1-60,18
1-61,19
1-62,22
1-63,23
1-64,15
1-65,14
1-66,15
1-67,16
1-68,19
1-69,20
1-70,23
1-71,24
1-72,18
1-73,15
1-74,16
1-75,19
1-76,20
1-77,23
1-78,24
1-79,27
1-80,23
1-81,16
1-82,17
1-83,24
1-84,25
1-85,28
1-86,29
1-87,32
1-88,20
1-89,17
1-90,18
1-91,21
1-92,24
1-93,25
1-94,28
1-95,29
1-96,21
1-97,20
1-98,21
1-99,22
1-100,25
1-101,26
1-102,29
1-103,30
1-104,24
1-105,21
1-106,22
1-107,25
1-108,26
1-109,29
1-110,30
1-111,33
1-112,29
1-113,22
1-114,23
1-115,30
1-116,31
1-117,34
1-118,35
1-119,38
1-120,26
1-121,23
1-122,24
1-123,27
1-124,30
1-125,31
1-126,34
1-127,35
1-1001,3
2-3,1
2-4,6
2-5,7
2-6,10
2-7,11
2-8,9
2-9,4
2-10,1
2-11,6
2-12,7
2-13,10
2-14,11
2-15,14
2-16,12
2-17,5
2-18,4
2-19,7
2-20,8
2-21,15
2-22,16
2-23,19
2-24,9
2-25,6
2-26,5
2-27,8
2-28,9
2-29,12
2-30,15
2-31,16
2-32,10
2-33,9
2-34,8
2-35,9
2-36,12
2-37,13
2-38,16
2-39,17
2-40,13
2-41,10
2-42,9
2-43,12
2-44,13
2-45,16
2-46,17
2-47,20
2-48,18
2-49,11
2-50,10
2-51,17
2-52,14
2-53,21
2-54,22
2-55,25
2-56,15
2-57,12
2-58,11
2-59,14
2-60,15
2-61,18
2-62,21
2-63,22
2-64,16
2-65,15
2-66,14
2-67,15
2-68,18
2-69,19
2-70,22
2-71,23
2-72,19
2-73,16
2-74,15
2-75,18
2-76,19
2-77,22
2-78,23
2-79,26
2-80,24
2-81,17
2-82,16
2-83,23
2-84,20
2-85,27
2-86,28
2-87,31
2-88,21
2-89,18
2-90,17
2-91,20
2-92,21
2-93,24
2-94,27
2-95,28
2-96,22
2-97,21
2-98,20
2-99,21
2-100,24
2-101,25
2-102,28
2-103,29
2-104,25
2-105,22
2-106,21
2-107,24
2-108,25
2-109,28
2-110,29
2-111,32
2-112,30
2-113,23
2-114,22
2-115,29
2-116,26
2-117,33
2-118,34
2-119,37
2-120,27
2-121,24
2-122,23
2-123,26
2-124,27
2-125,30
2-126,33
2-127,34
2-1001,6
3-4,3
3-5,6
3-6,9
3-7,10
3-8,10
3-9,7
3-10,6
3-11,1
3-12,4
3-13,9
3-14,10
3-15,13
3-16,15
3-17,8
3-18,11
3-19,4
3-20,5
3-21,12
3-22,13
3-23,16
3-24,12
3-25,11
3-26,8
3-27,5
3-28,6
3-29,9
3-30,12
3-31,13
3-32,13
3-33,12
3-34,9
3-35,8
3-36,9
3-37,10
3-38,13
3-39,14
3-40,16
3-41,13
3-42,12
3-43,9
3-44,10
3-45,13
3-46,14
3-47,17
3-48,21
3-49,14
3-50,17
3-51,10
3-52,11
3-53,18
3-54,19
3-55,22
3-56,18
3-57,17
3-58,14
3-59,11
3-60,12
3-61,15
3-62,18
3-63,19
3-64,19
3-65,18
3-66,15
3-67,14
3-68,15
3-69,16
3-70,19
3-71,20
3-72,22
3-73,19
3-74,18
3-75,15
3-76,16
3-77,19
3-78,20
3-79,23
3-80,27
3-81,20
3-82,23
3-83,16
3-84,17
3-85,24
3-86,25
3-87,28
3-88,24
3-89,23
3-90,20
3-91,17
3-92,18
3-93,21
3-94,24
3-95,25
3-96,25
3-97,24
3-98,21
3-99,20
3-100,21
3-101,22
3-102,25
3-103,26
3-104,28
3-105,25
3-106,24
3-107,21
3-108,22
3-109,25
3-110,26
3-111,29
3-112,33
3-113,26
3-114,29
3-115,22
3-116,23
3-117,30
3-118,31
3-119,34
3-120,30
3-121,29
3-122,26
3-123,23
3-124,24
3-125,27
3-126,30
3-127,31
3-1001,7
4-5,1
4-6,6
4-7,7
4-8,13
4-9,10
4-10,9
4-11,4
4-12,1
4-13,6
4-14,7
4-15,10
4-16,16
4-17,13
4-18,12
4-19,5
4-20,4
4-21,7
4-22,8
4-23,15
4-24,13
4-25,12
4-26,9
4-27,6
4-28,5
4-29,8
4-30,9
4-31,12
4-32,14
4-33,13
4-34,10
4-35,9
4-36,8
4-37,9
4-38,12
4-39,13
4-40,17
4-41,14
4-42,13
4-43,10
4-44,9
4-45,12
4-46,13
4-47,16
4-48,22
4-49,19
4-50,18
4-51,11
4-52,10
4-53,17
4-54,14
4-55,21
4-56,19
4-57,18
4-58,15
4-59,12
4-60,11
4-61,14
4-62,15
4-63,18
4-64,20
4-65,19
4-66,16
4-67,15
4-68,14
4-69,15
4-70,18
4-71,19
4-72,23
4-73,20
4-74,19
4-75,16
4-76,15
4-77,18
4-78,19
4-79,22
4-80,28
4-81,25
4-82,24
4-83,17
4-84,16
4-85,23
4-86,20
4-87,27
4-88,25
4-89,24
4-90,21
4-91,18
4-92,17
4-93,20
4-94,21
4-95,24
4-96,26
4-97,25
4-98,22
4-99,21
4-100,20
4-101,21
4-102,24
4-103,25
4-104,29
4-105,26
4-106,25
4-107,22
4-108,21
4-109,24
4-110,25
4-111,28
4-112,34
4-113,31
4-114,30
4-115,23
4-116,22
4-117,29
4-118,26
4-119,33
4-120,31
4-121,30
4-122,27
4-123,24
4-124,23
4-125,26
4-126,27
4-127,30
4-1001,10
5-6,3
5-7,6
5-8,14
5-9,11
5-10,10
5-11,7
5-12,6
5-13,1
5-14,4
5-15,9
5-16,19
5-17,16
5-18,15
5-19,8
5-20,11
5-21,4
5-22,5
5-23,12
5-24,16
5-25,15
5-26,12
5-27,11
5-28,8
5-29,5
5-30,6
5-31,9
5-32,17
5-33,16
5-34,13
5-35,12
5-36,9
5-37,8
5-38,9
5-39,10
5-40,20
5-41,17
5-42,16
5-43,13
5-44,12
5-45,9
5-46,10
5-47,13
5-48,25
5-49,22
5-50,21
5-51,14
5-52,17
5-53,10
5-54,11
5-55,18
5-56,22
5-57,21
5-58,18
5-59,17
5-60,14
5-61,11
5-62,12
5-63,15
5-64,23
5-65,22
5-66,19
5-67,18
5-68,15
5-69,14
5-70,15
5-71,16
5-72,26
5-73,23
5-74,22
5-75,19
5-76,18
5-77,15
5-78,16
5-79,19
5-80,31
5-81,28
5-82,27
5-83,20
5-84,23
5-85,16
5-86,17
5-87,24
5-88,28
5-89,27
5-90,24
5-91,23
5-92,20
5-93,17
5-94,18
5-95,21
5-96,29
5-97,28
5-98,25
5-99,24
5-100,21
5-101,20
5-102,21
5-103,22
5-104,32
5-105,29
5-106,28
5-107,25
5-108,24
5-109,21
5-110,22
5-111,25
5-112,37
5-113,34
5-114,33
5-115,26
5-116,29
5-117,22
5-118,23
5-119,30
5-120,34
5-121,33
5-122,30
5-123,29
5-124,26
5-125,23
5-126,24
5-127,27
5-1001,11
6-7,1
6-8,17
6-9,14
6-10,13
6-11,10
6-12,9
6-13,4
6-14,1
6-15,6
6-16,20
6-17,17
6-18,16
6-19,13
6-20,12
6-21,5
6-22,4
6-23,7
6-24,17
6-25,16
6-26,13
6-27,12
6-28,9
6-29,6
6-30,5
6-31,8
6-32,18
6-33,17
6-34,14
6-35,13
6-36,10
6-37,9
6-38,8
6-39,9
6-40,21
6-41,18
6-42,17
6-43,14
6-44,13
6-45,10
6-46,9
6-47,12
6-48,26
6-49,23
6-50,22
6-51,19
6-52,18
6-53,11
6-54,10
6-55,17
6-56,23
6-57,22
6-58,19
6-59,18
6-60,15
6-61,12
6-62,11
6-63,14
6-64,24
6-65,23
6-66,20
6-67,19
6-68,16
6-69,15
6-70,14
6-71,15
6-72,27
6-73,24
6-74,23
6-75,20
6-76,19
6-77,16
6-78,15
6-79,18
6-80,32
6-81,29
6-82,28
6-83,25
6-84,24
6-85,17
6-86,16
6-87,23
6-88,29
6-89,28
6-90,25
6-91,24
6-92,21
6-93,18
6-94,17
6-95,20
6-96,30
6-97,29
6-98,26
6-99,25
6-100,22
6-101,21
6-102,20
6-103,21
6-104,33
6-105,30
6-106,29
6-107,26
6-108,25
6-109,22
6-110,21
6-111,24
6-112,38
6-113,35
6-114,34
6-115,31
6-116,30
6-117,23
6-118,22
6-119,29
6-120,35
6-121,34
6-122,31
6-123,30
6-124,27
6-125,24
6-126,23
6-127,26
6-1001,14
7-8,18
7-9,15
7-10,14
7-11,11
7-12,10
7-13,7
7-14,6
7-15,1
7-16,23
7-17,20
7-18,19
7-19,16
7-20,15
7-21,8
7-22,11
7-23,4
7-24,20
7-25,19
7-26,16
7-27,15
7-28,12
7-29,11
7-30,8
7-31,5
7-32,21
7-33,20
7-34,17
7-35,16
7-36,13
7-37,12
7-38,9
7-39,8
7-40,24
7-41,21
7-42,20
7-43,17
7-44,16
7-45,13
7-46,12
7-47,9
7-48,29
7-49,26
7-50,25
7-51,22
7-52,21
7-53,14
7-54,17
7-55,10
7-56,26
7-57,25
7-58,22
7-59,21
7-60,18
7-61,17
7-62,14
7-63,11
7-64,27
7-65,26
7-66,23
7-67,22
7-68,19
7-69,18
7-70,15
7-71,14
7-72,30
7-73,27
7-74,26
7-75,23
7-76,22
7-77,19
7-78,18
7-79,15
7-80,35
7-81,32
7-82,31
7-83,28
7-84,27
7-85,20
7-86,23
7-87,16
7-88,32
7-89,31
7-90,28
7-91,27
7-92,24
7-93,23
7-94,20
7-95,17
7-96,33
7-97,32
7-98,29
7-99,28
7-100,25
7-101,24
7-102,21
7-103,20
7-104,36
7-105,33
7-106,32
7-107,29
7-108,28
7-109,25
7-110,24
7-111,21
7-112,41
7-113,38
7-114,37
7-115,34
7-116,33
7-117,26
7-118,29
7-119,22
7-120,38
7-121,37
7-122,34
7-123,33
7-124,30
7-125,29
7-126,26
7-127,23
7-1001,15
8-9,1
8-10,10
8-11,13
8-12,14
8-13,17
8-14,18
8-15,21
8-16,1
8-17,10
8-18,11
8-19,14
8-20,15
8-21,18
8-22,19
8-23,22
8-24,4
8-25,7
8-26,10
8-27,11
8-28,14
8-29,15
8-30,18
8-31,19
8-32,7
8-33,8
8-34,11
8-35,12
8-36,15
8-37,16
8-38,19
8-39,20
8-40,8
8-41,11
8-42,12
8-43,15
8-44,16
8-45,19
8-46,20
8-47,23
8-48,9
8-49,16
8-50,13
8-51,20
8-52,21
8-53,24
8-54,25
8-55,28
8-56,10
8-57,13
8-58,16
8-59,17
8-60,20
8-61,21
8-62,24
8-63,25
8-64,13
8-65,14
8-66,17
8-67,18
8-68,21
8-69,22
8-70,25
8-71,26
8-72,14
8-73,17
8-74,18
8-75,21
8-76,22
8-77,25
8-78,26
8-79,29
8-80,15
8-81,22
8-82,19
8-83,26
8-84,27
8-85,30
8-86,31
8-87,34
8-88,16
8-89,19
8-90,22
8-91,23
8-92,26
8-93,27
8-94,30
8-95,31
8-96,19
8-97,20
8-98,23
8-99,24
8-100,27
8-101,28
8-102,31
8-103,32
8-104,20
8-105,23
8-106,24
8-107,27
8-108,28
8-109,31
8-110,32
8-111,35
8-112,21
8-113,28
8-114,25
8-115,32
8-116,33
8-117,36
8-118,37
8-119,40
8-120,22
8-121,25
8-122,28
8-123,29
8-124,32
8-125,33
8-126,36
8-127,37
8-1001,3
9-10,3
9-11,10
9-12,11
9-13,14
9-14,15
9-15,18
9-16,10
9-17,1
9-18,4
9-19,11
9-20,12
9-21,15
9-22,16
9-23,19
9-24,7
9-25,4
9-26,5
9-27,8
9-28,11
9-29,12
9-30,15
9-31,16
9-32,8
9-33,7
9-34,8
9-35,9
9-36,12
9-37,13
9-38,16
9-39,17
9-40,11
9-41,8
9-42,9
9-43,12
9-44,13
9-45,16
9-46,17
9-47,20
9-48,16
9-49,9
9-50,10
9-51,17
9-52,18
9-53,21
9-54,22
9-55,25
9-56,13
9-57,10
9-58,11
9-59,14
9-60,17
9-61,18
9-62,21
9-63,22
9-64,14
9-65,13
9-66,14
9-67,15
9-68,18
9-69,19
9-70,22
9-71,23
9-72,17
9-73,14
9-74,15
9-75,18
9-76,19
9-77,22
9-78,23
9-79,26
9-80,22
9-81,15
9-82,16
9-83,23
9-84,24
9-85,27
9-86,28
9-87,31
9-88,19
9-89,16
9-90,17
9-91,20
9-92,23
9-93,24
9-94,27
9-95,28
9-96,20
9-97,19
9-98,20
9-99,21
9-100,24
9-101,25
9-102,28
9-103,29
9-104,23
9-105,20
9-106,21
9-107,24
9-108,25
9-109,28
9-110,29
9-111,32
9-112,28
9-113,21
9-114,22
9-115,29
9-116,30
9-117,33
9-118,34
9-119,37
9-120,25
9-121,22
9-122,23
9-123,26
9-124,29
9-125,30
9-126,33
9-127,34
9-1001,6
10-11,1
10-12,10
10-13,13
10-14,14
10-15,17
10-16,11
10-17,4
10-18,1
10-19,10
10-20,11
10-21,14
10-22,15
10-23,18
10-24,8
10-25,5
10-26,4
10-27,7
10-28,10
10-29,11
10-30,14
10-31,15
10-32,9
10-33,8
10-34,7
10-35,8
10-36,11
10-37,12
10-38,15
10-39,16
10-40,12
10-41,9
10-42,8
10-43,11
10-44,12
10-45,15
10-46,16
10-47,19
10-48,17
10-49,10
10-50,9
10-51,16
10-52,13
10-53,20
10-54,21
10-55,24
10-56,14
10-57,11
10-58,10
10-59,13
10-60,16
10-61,17
10-62,20
10-63,21
10-64,15
10-65,14
10-66,13
10-67,14
10-68,17
10-69,18
10-70,21
10-71,22
10-72,18
10-73,15
10-74,14
10-75,17
10-76,18
10-77,21
10-78,22
10-79,25
10-80,23
10-81,16
10-82,15
10-83,22
10-84,19
10-85,26
10-86,27
10-87,30
10-88,20
10-89,17
10-90,16
10-91,19
10-92,22
10-93,23
10-94,26
10-95,27
10-96,21
10-97,20
10-98,19
10-99,20
10-100,23
10-101,24
10-102,27
10-103,28
10-104,24
10-105,21
10-106,20
10-107,23
10-108,24
10-109,27
10-110,28
10-111,31
10-112,29
10-113,22
10-114,21
10-115,28
10-116,25
10-117,32
10-118,33
10-119,36
10-120,26
10-121,23
10-122,22
10-123,25
10-124,28
10-125,29
10-126,32
10-127,33
10-1001,7
11-12,3
11-13,10
11-14,11
11-15,14
11-16,14
11-17,11
11-18,10
11-19,1
11-20,4
11-21,11
11-22,12
11-23,15
11-24,11
11-25,10
11-26,7
11-27,4
11-28,5
11-29,8
11-30,11
11-31,12
11-32,12
11-33,11
11-34,8
11-35,7
11-36,8
11-37,9
11-38,12
11-39,13
11-40,15
11-41,12
11-42,11
11-43,8
11-44,9
11-45,12
11-46,13
11-47,16
11-48,20
11-49,13
11-50,16
11-51,9
11-52,10
11-53,17
11-54,18
11-55,21
11-56,17
11-57,16
11-58,13
11-59,10
11-60,11
11-61,14
11-62,17
11-63,18
11-64,18
11-65,17
11-66,14
11-67,13
11-68,14
11-69,15
11-70,18
11-71,19
11-72,21
11-73,18
11-74,17
11-75,14
11-76,15
11-77,18
11-78,19
11-79,22
11-80,26
11-81,19
11-82,22
11-83,15
11-84,16
11-85,23
11-86,24
11-87,27
11-88,23
11-89,22
11-90,19
11-91,16
11-92,17
11-93,20
11-94,23
11-95,24
11-96,24
11-97,23
11-98,20
11-99,19
11-100,20
11-101,21
11-102,24
11-103,25
11-104,27
11-105,24
11-106,23
11-107,20
11-108,21
11-109,24
11-110,25
11-111,28
11-112,32
11-113,25
11-114,28
11-115,21
11-116,22
11-117,29
11-118,30
11-119,33
11-120,29
11-121,28
11-122,25
11-123,22
11-124,23
11-125,26
11-126,29
11-127,30
11-1001,10
12-13,1
12-14,10
12-15,13
12-16,15
12-17,12
12-18,11
12-19,4
12-20,1
12-21,10
12-22,11
12-23,14
12-24,12
12-25,11
12-26,8
12-27,5
12-28,4
12-29,7
12-30,10
12-31,11
12-32,13
12-33,12
12-34,9
12-35,8
12-36,7
12-37,8
12-38,11
12-39,12
12-40,16
12-41,13
12-42,12
12-43,9
12-44,8
12-45,11
12-46,12
12-47,15
12-48,21
12-49,18
12-50,17
12-51,10
12-52,9
12-53,16
12-54,13
12-55,20
12-56,18
12-57,17
12-58,14
12-59,11
12-60,10
12-61,13
12-62,16
12-63,17
12-64,19
12-65,18
12-66,15
12-67,14
12-68,13
12-69,14
12-70,17
12-71,18
12-72,22
12-73,19
12-74,18
12-75,15
12-76,14
12-77,17
12-78,18
12-79,21
12-80,27
12-81,24
12-82,23
12-83,16
12-84,15
12-85,22
12-86,19
12-87,26
12-88,24
12-89,23
12-90,20
12-91,17
12-92,16
12-93,19
12-94,22
12-95,23
12-96,25
12-97,24
12-98,21
12-99,20
12-100,19
12-101,20
12-102,23
12-103,24
12-104,28
12-105,25
12-106,24
12-107,21
12-108,20
12-109,23
12-110,24
12-111,27
12-112,33
12-113,30
12-114,29
12-115,22
12-116,21
12-117,28
12-118,25
12-119,32
12-120,30
12-121,29
12-122,26
12-123,23
12-124,22
12-125,25
12-126,28
12-127,29
12-1001,11
13-14,3
13-15,10
13-16,18
13-17,15
13-18,14
13-19,11
13-20,10
13-21,1
13-22,4
13-23,11
13-24,15
13-25,14
13-26,11
13-27,10
13-28,7
13-29,4
13-30,5
13-31,8
13-32,16
13-33,15
13-34,12
13-35,11
13-36,8
13-37,7
13-38,8
13-39,9
13-40,19
13-41,16
13-42,15
13-43,12
13-44,11
13-45,8
13-46,9
13-47,12
13-48,24
13-49,21
13-50,20
13-51,13
13-52,16
13-53,9
13-54,10
13-55,17
13-56,21
13-57,20
13-58,17
13-59,16
13-60,13
13-61,10
13-62,11
13-63,14
13-64,22
13-65,21
13-66,18
13-67,17
13-68,14
13-69,13
13-70,14
13-71,15
13-72,25
13-73,22
13-74,21
13-75,18
13-76,17
13-77,14
13-78,15
13-79,18
13-80,30
13-81,27
13-82,26
13-83,19
13-84,22
13-85,15
13-86,16
13-87,23
13-88,27
13-89,26
13-90,23
13-91,22
13-92,19
13-93,16
13-94,17
13-95,20
13-96,28
13-97,27
13-98,24
13-99,23
13-100,20
13-101,19
13-102,20
13-103,21
13-104,31
13-105,28
13-106,27
13-107,24
13-108,23
13-109,20
13-110,21
13-111,24
13-112,36
13-113,33
13-114,32
13-115,25
13-116,28
13-117,21
13-118,22
13-119,29
13-120,33
13-121,32
13-122,29
13-123,28
13-124,25
13-125,22
13-126,23
13-127,26
13-1001,14
14-15,1
14-16,19
14-17,16
14-18,15
14-19,12
14-20,11
14-21,4
14-22,1
14-23,10
14-24,16
14-25,15
14-26,12
14-27,11
14-28,8
14-29,5
14-30,4
14-31,7
14-32,17
14-33,16
14-34,13
14-35,12
14-36,9
14-37,8
14-38,7
14-39,8
14-40,20
14-41,17
14-42,16
14-43,13
14-44,12
14-45,9
14-46,8
14-47,11
14-48,25
14-49,22
14-50,21
14-51,18
14-52,17
14-53,10
14-54,9
14-55,16
14-56,22
14-57,21
14-58,18
14-59,17
14-60,14
14-61,11
14-62,10
14-63,13
14-64,23
14-65,22
14-66,19
14-67,18
14-68,15
14-69,14
14-70,13
14-71,14
14-72,26
14-73,23
14-74,22
14-75,19
14-76,18
14-77,15
14-78,14
14-79,17
14-80,31
14-81,28
14-82,27
14-83,24
14-84,23
14-85,16
14-86,15
14-87,22
14-88,28
14-89,27
14-90,24
14-91,23
14-92,20
14-93,17
14-94,16
14-95,19
14-96,29
14-97,28
14-98,25
14-99,24
14-100,21
14-101,20
14-102,19
14-103,20
14-104,32
14-105,29
14-106,28
14-107,25
14-108,24
14-109,21
14-110,20
14-111,23
14-112,37
14-113,34
14-114,33
14-115,30
14-116,29
14-117,22
14-118,21
14-119,28
14-120,34
14-121,33
14-122,30
14-123,29
14-124,26
14-125,23
14-126,22
14-127,25
14-1001,15
15-16,22
15-17,19
15-18,18
15-19,15
15-20,14
15-21,11
15-22,10
15-23,1
15-24,19
15-25,18
15-26,15
15-27,14
15-28,11
15-29,10
15-30,7
15-31,4
15-32,20
15-33,19
15-34,16
15-35,15
15-36,12
15-37,11
15-38,8
15-39,7
15-40,23
15-41,20
15-42,19
15-43,16
15-44,15
15-45,12
15-46,11
15-47,8
15-48,28
15-49,25
15-50,24
15-51,21
15-52,20
15-53,13
15-54,16
15-55,9
15-56,25
15-57,24
15-58,21
15-59,20
15-60,17
15-61,16
15-62,13
15-63,10
15-64,26
15-65,25
15-66,22
15-67,21
15-68,18
15-69,17
15-70,14
15-71,13
15-72,29
15-73,26
15-74,25
15-75,22
15-76,21
15-77,18
15-78,17
15-79,14
15-80,34
15-81,31
15-82,30
15-83,27
15-84,26
15-85,19
15-86,22
15-87,15
15-88,31
15-89,30
15-90,27
15-91,26
15-92,23
15-93,22
15-94,19
15-95,16
15-96,32
15-97,31
15-98,28
15-99,27
15-100,24
15-101,23
15-102,20
15-103,19
15-104,35
15-105,32
15-106,31
15-107,28
15-108,27
15-109,24
15-110,23
15-111,20
15-112,40
15-113,37
15-114,36
15-115,33
15-116,32
15-117,25
15-118,28
15-119,21
15-120,37
15-121,36
15-122,33
15-123,32
15-124,29
15-125,28
15-126,25
15-127,22
15-1001,18
16-17,1
16-18,10
16-19,13
16-20,14
16-21,17
16-22,18
16-23,21
16-24,1
16-25,6
16-26,9
16-27,10
16-28,13
16-29,14
16-30,17
16-31,18
16-32,6
16-33,7
16-34,10
16-35,11
16-36,14
16-37,15
16-38,18
16-39,19
16-40,7
16-41,10
16-42,11
16-43,14
16-44,15
16-45,18
16-46,19
16-47,22
16-48,8
16-49,15
16-50,12
16-51,19
16-52,20
16-53,23
16-54,24
16-55,27
16-56,9
16-57,12
16-58,15
16-59,16
16-60,19
16-61,20
16-62,23
16-63,24
16-64,12
16-65,13
16-66,16
16-67,17
16-68,20
16-69,21
16-70,24
16-71,25
16-72,13
16-73,16
16-74,17
16-75,20
16-76,21
16-77,24
16-78,25
16-79,28
16-80,14
16-81,21
16-82,18
16-83,25
16-84,26
16-85,29
16-86,30
16-87,33
16-88,15
16-89,18
16-90,21
16-91,22
16-92,25
16-93,26
16-94,29
16-95,30
16-96,18
16-97,19
16-98,22
16-99,23
16-100,26
16-101,27
16-102,30
16-103,31
16-104,19
16-105,22
16-106,23
16-107,26
16-108,27
16-109,30
16-110,31
16-111,34
16-112,20
16-113,27
16-114,24
16-115,31
16-116,32
16-117,35
16-118,36
16-119,39
16-120,21
16-121,24
16-122,27
16-123,28
16-124,31
16-125,32
16-126,35
16-127,36
16-1001,4
17-18,3
17-19,10
17-20,11
17-21,14
17-22,15
17-23,18
17-24,6
17-25,1
17-26,4
17-27,7
17-28,10
17-29,11
17-30,14
17-31,15
17-32,7
17-33,6
17-34,7
17-35,8
17-36,11
17-37,12
17-38,15
17-39,16
17-40,10
17-41,7
17-42,8
17-43,11
17-44,12
17-45,15
17-46,16
17-47,19
17-48,15
17-49,8
17-50,9
17-51,16
17-52,17
17-53,20
17-54,21
17-55,24
17-56,12
17-57,9
17-58,10
17-59,13
17-60,16
17-61,17
17-62,20
17-63,21
17-64,13
17-65,12
17-66,13
17-67,14
17-68,17
17-69,18
17-70,21
17-71,22
17-72,16
17-73,13
17-74,14
17-75,17
17-76,18
17-77,21
17-78,22
17-79,25
17-80,21
17-81,14
17-82,15
17-83,22
17-84,23
17-85,26
17-86,27
17-87,30
17-88,18
17-89,15
17-90,16
17-91,19
17-92,22
17-93,23
17-94,26
17-95,27
17-96,19
17-97,18
17-98,19
17-99,20
17-100,23
17-101,24
17-102,27
17-103,28
17-104,22
17-105,19
17-106,20
17-107,23
17-108,24
17-109,27
17-110,28
17-111,31
17-112,27
17-113,20
17-114,21
17-115,28
17-116,29
17-117,32
17-118,33
17-119,36
17-120,24
17-121,21
17-122,22
17-123,25
17-124,28
17-125,29
17-126,32
17-127,33
17-1001,7
18-19,1
18-20,10
18-21,13
18-22,14
18-23,17
18-24,7
18-25,4
18-26,1
18-27,6
18-28,9
18-29,10
18-30,13
18-31,14
18-32,8
18-33,7
18-34,6
18-35,7
18-36,10
18-37,11
18-38,14
18-39,15
18-40,11
18-41,8
18-42,7
18-43,10
18-44,11
18-45,14
18-46,15
18-47,18
18-48,16
18-49,9
18-50,8
18-51,15
18-52,12
18-53,19
18-54,20
18-55,23
18-56,13
18-57,10
18-58,9
18-59,12
18-60,15
18-61,16
18-62,19
18-63,20
18-64,14
18-65,13
18-66,12
18-67,13
18-68,16
18-69,17
18-70,20
18-71,21
18-72,17
18-73,14
18-74,13
18-75,16
18-76,17
18-77,20
18-78,21
18-79,24
18-80,22
18-81,15
18-82,14
18-83,21
18-84,18
18-85,25
18-86,26
18-87,29
18-88,19
18-89,16
18-90,15
18-91,18
18-92,21
18-93,22
18-94,25
18-95,26
18-96,20
18-97,19
18-98,18
18-99,19
18-100,22
18-101,23
18-102,26
18-103,27
18-104,23
18-105,20
18-106,19
18-107,22
18-108,23
18-109,26
18-110,27
18-111,30
18-112,28
18-113,21
18-114,20
18-115,27
18-116,24
18-117,31
18-118,32
18-119,35
18-120,25
18-121,22
18-122,21
18-123,24
18-124,27
18-125,28
18-126,31
18-127,32
18-1001,8
19-20,3
19-21,10
19-22,11
19-23,14
19-24,10
19-25,9
19-26,6
19-27,1
19-28,4
19-29,7
19-30,10
19-31,11
19-32,11
19-33,10
19-34,7
19-35,6
19-36,7
19-37,8
19-38,11
19-39,12
19-40,14
19-41,11
19-42,10
19-43,7
19-44,8
19-45,11
19-46,12
19-47,15
19-48,19
19-49,12
19-50,15
19-51,8
19-52,9
19-53,16
19-54,17
19-55,20
19-56,16
19-57,15
19-58,12
19-59,9
19-60,10
19-61,13
19-62,16
19-63,17
19-64,17
19-65,16
19-66,13
19-67,12
19-68,13
19-69,14
19-70,17
19-71,18
19-72,20
19-73,17
19-74,16
19-75,13
19-76,14
19-77,17
19-78,18
19-79,21
19-80,25
19-81,18
19-82,21
19-83,14
19-84,15
19-85,22
19-86,23
19-87,26
19-88,22
19-89,21
19-90,18
19-91,15
19-92,16
19-93,19
19-94,22
19-95,23
19-96,23
19-97,22
19-98,19
19-99,18
19-100,19
19-101,20
19-102,23
19-103,24
19-104,26
19-105,23
19-106,22
19-107,19
19-108,20
19-109,23
19-110,24
19-111,27
19-112,31
19-113,24
19-114,27
19-115,20
19-116,21
19-117,28
19-118,29
19-119,32
19-120,28
19-121,27
19-122,24
19-123,21
19-124,22
19-125,25
19-126,28
19-127,29
19-1001,11
20-21,1
20-22,10
20-23,13
20-24,11
20-25,10
20-26,7
20-27,4
20-28,1
20-29,6
20-30,9
20-31,10
20-32,12
20-33,11
20-34,8
20-35,7
20-36,6
20-37,7
20-38,10
20-39,11
20-40,15
20-41,12
20-42,11
20-43,8
20-44,7
20-45,10
20-46,11
20-47,14
20-48,20
20-49,17
20-50,16
20-51,9
20-52,8
20-53,15
20-54,12
20-55,19
20-56,17
20-57,16
20-58,13
20-59,10
20-60,9
20-61,12
20-62,15
20-63,16
20-64,18
20-65,17
20-66,14
20-67,13
20-68,12
20-69,13
20-70,16
20-71,17
20-72,21
20-73,18
20-74,17
20-75,14
20-76,13
20-77,16
20-78,17
20-79,20
20-80,26
20-81,23
20-82,22
20-83,15
20-84,14
20-85,21
20-86,18
20-87,25
20-88,23
20-89,22
20-90,19
20-91,16
20-92,15
20-93,18
20-94,21
20-95,22
20-96,24
20-97,23
20-98,20
20-99,19
20-100,18
20-101,19
20-102,22
20-103,23
20-104,27
20-105,24
20-106,23
20-107,20
20-108,19
20-109,22
20-110,23
20-111,26
20-112,32
20-113,29
20-114,28
20-115,21
20-116,20
20-117,27
20-118,24
20-119,31
20-120,29
20-121,28
20-122,25
20-123,22
20-124,21
20-125,24
20-126,27
20-127,28
20-1001,12
21-22,3
21-23,10
21-24,14
21-25,13
21-26,10
21-27,9
21-28,6
21-29,1
21-30,4
21-31,7
21-32,15
21-33,14
21-34,11
21-35,10
21-36,7
21-37,6
21-38,7
21-39,8
21-40,18
21-41,15
21-42,14
21-43,11
21-44,10
21-45,7
21-46,8
21-47,11
21-48,23
21-49,20
21-50,19
21-51,12
21-52,15
21-53,8
21-54,9
21-55,16
21-56,20
21-57,19
21-58,16
21-59,15
21-60,12
21-61,9
21-62,10
21-63,13
21-64,21
21-65,20
21-66,17
21-67,16
21-68,13
21-69,12
21-70,13
21-71,14
21-72,24
21-73,21
21-74,20
21-75,17
21-76,16
21-77,13
21-78,14
21-79,17
21-80,29
21-81,26
21-82,25
21-83,18
21-84,21
21-85,14
21-86,15
21-87,22
21-88,26
21-89,25
21-90,22
21-91,21
21-92,18
21-93,15
21-94,16
21-95,19
21-96,27
21-97,26
21-98,23
21-99,22
21-100,19
21-101,18
21-102,19
21-103,20
21-104,30
21-105,27
21-106,26
21-107,23
21-108,22
21-109,19
21-110,20
21-111,23
21-112,35
21-113,32
21-114,31
21-115,24
21-116,27
21-117,20
21-118,21
21-119,28
21-120,32
21-121,31
21-122,28
21-123,27
21-124,24
21-125,21
21-126,22
21-127,25
21-1001,15
22-23,1
22-24,15
22-25,14
22-26,11
22-27,10
22-28,7
22-29,4
22-30,1
22-31,6
22-32,16
22-33,15
22-34,12
22-35,11
22-36,8
22-37,7
22-38,6
22-39,7
22-40,19
22-41,16
22-42,15
22-43,12
22-44,11
22-45,8
22-46,7
22-47,10
22-48,24
22-49,21
22-50,20
22-51,17
22-52,16
22-53,9
22-54,8
22-55,15
22-56,21
22-57,20
22-58,17
22-59,16
22-60,13
22-61,10
22-62,9
22-63,12
22-64,22
22-65,21
22-66,18
22-67,17
22-68,14
22-69,13
22-70,12
22-71,13
22-72,25
22-73,22
22-74,21
22-75,18
22-76,17
22-77,14
22-78,13
22-79,16
22-80,30
22-81,27
22-82,26
22-83,23
22-84,22
22-85,15
22-86,14
22-87,21
22-88,27
22-89,26
22-90,23
22-91,22
22-92,19
22-93,16
22-94,15
22-95,18
22-96,28
22-97,27
22-98,24
22-99,23
22-100,20
22-101,19
22-102,18
22-103,19
22-104,31
22-105,28
22-106,27
22-107,24
22-108,23
22-109,20
22-110,19
22-111,22
22-112,36
22-113,33
22-114,32
22-115,29
22-116,28
22-117,21
22-118,20
22-119,27
22-120,33
22-121,32
22-122,29
22-123,28
22-124,25
22-125,22
22-126,21
22-127,24
22-1001,16
23-24,18
23-25,17
23-26,14
23-27,13
23-28,10
23-29,9
23-30,6
23-31,1
23-32,19
23-33,18
23-34,15
23-35,14
23-36,11
23-37,10
23-38,7
23-39,6
23-40,22
23-41,19
23-42,18
23-43,15
23-44,14
23-45,11
23-46,10
23-47,7
23-48,27
23-49,24
23-50,23
23-51,20
23-52,19
23-53,12
23-54,15
23-55,8
23-56,24
23-57,23
23-58,20
23-59,19
23-60,16
23-61,15
23-62,12
23-63,9
23-64,25
23-65,24
23-66,21
23-67,20
23-68,17
23-69,16
23-70,13
23-71,12
23-72,28
23-73,25
23-74,24
23-75,21
23-76,20
23-77,17
23-78,16
23-79,13
23-80,33
23-81,30
23-82,29
23-83,26
23-84,25
23-85,18
23-86,21
23-87,14
23-88,30
23-89,29
23-90,26
23-91,25
23-92,22
23-93,21
23-94,18
23-95,15
23-96,31
23-97,30
23-98,27
23-99,26
23-100,23
23-101,22
23-102,19
23-103,18
23-104,34
23-105,31
23-106,30
23-107,27
23-108,26
23-109,23
23-110,22
23-111,19
23-112,39
23-113,36
23-114,35
23-115,32
23-116,31
23-117,24
23-118,27
23-119,20
23-120,36
23-121,35
23-122,32
23-123,31
23-124,28
23-125,27
23-126,24
23-127,21
23-1001,19
24-25,1
24-26,6
24-27,7
24-28,10
24-29,11
24-30,14
24-31,15
24-32,3
24-33,4
24-34,7
24-35,8
24-36,11
24-37,12
24-38,15
24-39,16
24-40,6
24-41,7
24-42,8
24-43,11
24-44,12
24-45,15
24-46,16
24-47,19
24-48,7
24-49,8
24-50,9
24-51,16
24-52,17
24-53,20
24-54,21
24-55,24
24-56,8
24-57,9
24-58,10
24-59,13
24-60,16
24-61,17
24-62,20
24-63,21
24-64,11
24-65,12
24-66,13
24-67,14
24-68,17
24-69,18
24-70,21
24-71,22
24-72,12
24-73,13
24-74,14
24-75,17
24-76,18
24-77,21
24-78,22
24-79,25
24-80,13
24-81,14
24-82,15
24-83,22
24-84,23
24-85,26
24-86,27
24-87,30
24-88,14
24-89,15
24-90,16
24-91,19
24-92,22
24-93,23
24-94,26
24-95,27
24-96,17
24-97,18
24-98,19
24-99,20
24-100,23
24-101,24
24-102,27
24-103,28
24-104,18
24-105,19
24-106,20
24-107,23
24-108,24
24-109,27
24-110,28
24-111,31
24-112,19
24-113,20
24-114,21
24-115,28
24-116,29
24-117,32
24-118,33
24-119,36
24-120,20
24-121,21
24-122,22
24-123,25
24-124,28
24-125,29
24-126,32
24-127,33
24-1001,5
25-26,3
25-27,6
25-28,9
25-29,10
25-30,13
25-31,14
25-32,4
25-33,3
25-34,6
25-35,7
25-36,10
25-37,11
25-38,14
25-39,15
25-40,7
25-41,6
25-42,7
25-43,10
25-44,11
25-45,14
25-46,15
25-47,18
25-48,8
25-49,7
25-50,8
25-51,15
25-52,16
25-53,19
25-54,20
25-55,23
25-56,9
25-57,8
25-58,9
25-59,12
25-60,15
25-61,16
25-62,19
25-63,20
25-64,12
25-65,11
25-66,12
25-67,13
25-68,16
25-69,17
25-70,20
25-71,21
25-72,13
25-73,12
25-74,13
25-75,16
25-76,17
25-77,20
25-78,21
25-79,24
25-80,14
25-81,13
25-82,14
25-83,21
25-84,22
25-85,25
25-86,26
25-87,29
25-88,15
25-89,14
25-90,15
25-91,18
25-92,21
25-93,22
25-94,25
25-95,26
25-96,18
25-97,17
25-98,18
25-99,19
25-100,22
25-101,23
25-102,26
25-103,27
25-104,19
25-105,18
25-106,19
25-107,22
25-108,23
25-109,26
25-110,27
25-111,30
25-112,20
25-113,19
25-114,20
25-115,27
25-116,28
25-117,31
25-118,32
25-119,35
25-120,21
25-121,20
25-122,21
25-123,24
25-124,27
25-125,28
25-126,31
25-127,32
25-1001,8
26-27,1
26-28,6
26-29,7
26-30,10
26-31,11
26-32,7
26-33,6
26-34,3
26-35,4
26-36,7
26-37,8
26-38,11
26-39,12
26-40,10
26-41,7
26-42,6
26-43,7
26-44,8
26-45,11
26-46,12
26-47,15
26-48,15
26-49,8
26-50,7
26-51,8
26-52,9
26-53,16
26-54,17
26-55,20
26-56,12
26-57,9
26-58,8
26-59,9
26-60,10
26-61,13
26-62,16
26-63,17
26-64,13
26-65,12
26-66,11
26-67,12
26-68,13
26-69,14
26-70,17
26-71,18
26-72,16
26-73,13
26-74,12
26-75,13
26-76,14
26-77,17
26-78,18
26-79,21
26-80,21
26-81,14
26-82,13
26-83,14
26-84,15
26-85,22
26-86,23
26-87,26
26-88,18
26-89,15
26-90,14
26-91,15
26-92,16
26-93,19
26-94,22
26-95,23
26-96,19
26-97,18
26-98,17
26-99,18
26-100,19
26-101,20
26-102,23
26-103,24
26-104,22
26-105,19
26-106,18
26-107,19
26-108,20
26-109,23
26-110,24
26-111,27
26-112,27
26-113,20
26-114,19
26-115,20
26-116,21
26-117,28
26-118,29
26-119,32
26-120,24
26-121,21
26-122,20
26-123,21
26-124,22
26-125,25
26-126,28
26-127,29
26-1001,9
27-28,3
27-29,6
27-30,9
27-31,10
27-32,8
27-33,7
27-34,4
27-35,3
27-36,6
27-37,7
27-38,10
27-39,11
27-40,11
27-41,8
27-42,7
27-43,6
27-44,7
27-45,10
27-46,11
27-47,14
27-48,16
27-49,9
27-50,8
27-51,7
27-52,8
27-53,15
27-54,16
27-55,19
27-56,13
27-57,10
27-58,9
27-59,8
27-60,9
27-61,12
27-62,15
27-63,16
27-64,14
27-65,13
27-66,12
27-67,11
27-68,12
27-69,13
27-70,16
27-71,17
27-72,17
27-73,14
27-74,13
27-75,12
27-76,13
27-77,16
27-78,17
27-79,20
27-80,22
27-81,15
27-82,14
27-83,13
27-84,14
27-85,21
27-86,22
27-87,25
27-88,19
27-89,16
27-90,15
27-91,14
27-92,15
27-93,18
27-94,21
27-95,22
27-96,20
27-97,19
27-98,18
27-99,17
27-100,18
27-101,19
27-102,22
27-103,23
27-104,23
27-105,20
27-106,19
27-107,18
27-108,19
27-109,22
27-110,23
27-111,26
27-112,28
27-113,21
27-114,20
27-115,19
27-116,20
27-117,27
27-118,28
27-119,31
27-120,25
27-121,22
27-122,21
27-123,20
27-124,21
27-125,24
27-126,27
27-127,28
27-1001,12
28-29,1
28-30,6
28-31,7
28-32,11
28-33,10
28-34,7
28-35,6
28-36,3
28-37,4
28-38,7
28-39,8
28-40,14
28-41,11
28-42,10
28-43,7
28-44,6
28-45,7
28-46,8
28-47,11
28-48,19
28-49,16
28-50,15
28-51,8
28-52,7
28-53,8
28-54,9
28-55,16
28-56,16
28-57,15
28-58,12
28-59,9
28-60,8
28-61,9
28-62,10
28-63,13
28-64,17
28-65,16
28-66,13
28-67,12
28-68,11
28-69,12
28-70,13
28-71,14
28-72,20
28-73,17
28-74,16
28-75,13
28-76,12
28-77,13
28-78,14
28-79,17
28-80,25
28-81,22
28-82,21
28-83,14
28-84,13
28-85,14
28-86,15
28-87,22
28-88,22
28-89,21
28-90,18
28-91,15
28-92,14
28-93,15
28-94,16
28-95,19
28-96,23
28-97,22
28-98,19
28-99,18
28-100,17
28-101,18
28-102,19
28-103,20
28-104,26
28-105,23
28-106,22
28-107,19
28-108,18
28-109,19
28-110,20
28-111,23
28-112,31
28-113,28
28-114,27
28-115,20
28-116,19
28-117,20
28-118,21
28-119,28
28-120,28
28-121,27
28-122,24
28-123,21
28-124,20
28-125,21
28-126,22
28-127,25
28-1001,13
29-30,3
29-31,6
29-32,12
29-33,11
29-34,8
29-35,7
29-36,4
29-37,3
29-38,6
29-39,7
29-40,15
29-41,12
29-42,11
29-43,8
29-44,7
29-45,6
29-46,7
29-47,10
29-48,20
29-49,17
29-50,16
29-51,9
29-52,8
29-53,7
29-54,8
29-55,15
29-56,17
29-57,16
29-58,13
29-59,10
29-60,9
29-61,8
29-62,9
29-63,12
29-64,18
29-65,17
29-66,14
29-67,13
29-68,12
29-69,11
29-70,12
29-71,13
29-72,21
29-73,18
29-74,17
29-75,14
29-76,13
29-77,12
29-78,13
29-79,16
29-80,26
29-81,23
29-82,22
29-83,15
29-84,14
29-85,13
29-86,14
29-87,21
29-88,23
29-89,22
29-90,19
29-91,16
29-92,15
29-93,14
29-94,15
29-95,18
29-96,24
29-97,23
29-98,20
29-99,19
29-100,18
29-101,17
29-102,18
29-103,19
29-104,27
29-105,24
29-106,23
29-107,20
29-108,19
29-109,18
29-110,19
29-111,22
29-112,32
29-113,29
29-114,28
29-115,21
29-116,20
29-117,19
29-118,20
29-119,27
29-120,29
29-121,28
29-122,25
29-123,22
29-124,21
29-125,20
29-126,21
29-127,24
29-1001,16
30-31,1
30-32,15
30-33,14
30-34,11
30-35,10
30-36,7
30-37,6
30-38,3
30-39,4
30-40,18
30-41,15
30-42,14
30-43,11
30-44,10
30-45,7
30-46,6
30-47,7
30-48,23
30-49,20
30-50,19
30-51,16
30-52,15
30-53,8
30-54,7
30-55,8
30-56,20
30-57,19
30-58,16
30-59,15
30-60,12
30-61,9
30-62,8
30-63,9
30-64,21
30-65,20
30-66,17
30-67,16
30-68,13
30-69,12
30-70,11
30-71,12
30-72,24
30-73,21
30-74,20
30-75,17
30-76,16
30-77,13
30-78,12
30-79,13
30-80,29
30-81,26
30-82,25
30-83,22
30-84,21
30-85,14
30-86,13
30-87,14
30-88,26
30-89,25
30-90,22
30-91,21
30-92,18
30-93,15
30-94,14
30-95,15
30-96,27
30-97,26
30-98,23
30-99,22
30-100,19
30-101,18
30-102,17
30-103,18
30-104,30
30-105,27
30-106,26
30-107,23
30-108,22
30-109,19
30-110,18
30-111,19
30-112,35
30-113,32
30-114,31
30-115,28
30-116,27
30-117,20
30-118,19
30-119,20
30-120,32
30-121,31
30-122,28
30-123,27
30-124,24
30-125,21
30-126,20
30-127,21
30-1001,17
31-32,16
31-33,15
31-34,12
31-35,11
31-36,8
31-37,7
31-38,4
31-39,3
31-40,19
31-41,16
31-42,15
31-43,12
31-44,11
31-45,8
31-46,7
31-47,6
31-48,24
31-49,21
31-50,20
31-51,17
31-52,16
31-53,9
31-54,8
31-55,7
31-56,21
31-57,20
31-58,17
31-59,16
31-60,13
31-61,10
31-62,9
31-63,8
31-64,22
31-65,21
31-66,18
31-67,17
31-68,14
31-69,13
31-70,12
31-71,11
31-72,25
31-73,22
31-74,21
31-75,18
31-76,17
31-77,14
31-78,13
31-79,12
31-80,30
31-81,27
31-82,26
31-83,23
31-84,22
31-85,15
31-86,14
31-87,13
31-88,27
31-89,26
31-90,23
31-91,22
31-92,19
31-93,16
31-94,15
31-95,14
31-96,28
31-97,27
31-98,24
31-99,23
31-100,20
31-101,19
31-102,18
31-103,17
31-104,31
31-105,28
31-106,27
31-107,24
31-108,23
31-109,20
31-110,19
31-111,18
31-112,36
31-113,33
31-114,32
31-115,29
31-116,28
31-117,21
31-118,20
31-119,19
31-120,33
31-121,32
31-122,29
31-123,28
31-124,25
31-125,22
31-126,21
31-127,20
31-1001,20
32-33,1
32-34,6
32-35,7
32-36,10
32-37,11
32-38,14
32-39,15
32-40,1
32-41,6
32-42,7
32-43,10
32-44,11
32-45,14
32-46,15
32-47,18
32-48,4
32-49,7
32-50,8
32-51,15
32-52,16
32-53,19
32-54,20
32-55,23
32-56,5
32-57,8
32-58,9
32-59,12
32-60,15
32-61,16
32-62,19
32-63,20
32-64,8
32-65,9
32-66,12
32-67,13
32-68,16
32-69,17
32-70,20
32-71,21
32-72,9
32-73,12
32-74,13
32-75,16
32-76,17
32-77,20
32-78,21
32-79,24
32-80,10
32-81,17
32-82,14
32-83,21
32-84,22
32-85,25
32-86,26
32-87,29
32-88,11
32-89,14
32-90,15
32-91,18
32-92,21
32-93,22
32-94,25
32-95,26
32-96,14
32-97,15
32-98,18
32-99,19
32-100,22
32-101,23
32-102,26
32-103,27
32-104,15
32-105,18
32-106,19
32-107,22
32-108,23
32-109,26
32-110,27
32-111,30
32-112,16
32-113,23
32-114,20
32-115,27
32-116,28
32-117,31
32-118,32
32-119,35
32-120,17
32-121,20
32-122,21
32-123,24
32-124,27
32-125,28
32-126,31
32-127,32
32-1001,8
33-34,3
33-35,6
33-36,9
33-37,10
33-38,13
33-39,14
33-40,6
33-41,1
33-42,4
33-43,9
33-44,10
33-45,13
33-46,14
33-47,17
33-48,11
33-49,4
33-50,5
33-51,12
33-52,13
33-53,16
33-54,17
33-55,20
33-56,8
33-57,5
33-58,6
33-59,9
33-60,12
33-61,13
33-62,16
33-63,17
33-64,9
33-65,8
33-66,9
33-67,10
33-68,13
33-69,14
33-70,17
33-71,18
33-72,12
33-73,9
33-74,10
33-75,13
33-76,14
33-77,17
33-78,18
33-79,21
33-80,17
33-81,10
33-82,11
33-83,18
33-84,19
33-85,22
33-86,23
33-87,26
33-88,14
33-89,11
33-90,12
33-91,15
33-92,18
33-93,19
33-94,22
33-95,23
33-96,15
33-97,14
33-98,15
33-99,16
33-100,19
33-101,20
33-102,23
33-103,24
33-104,18
33-105,15
33-106,16
33-107,19
33-108,20
33-109,23
33-110,24
33-111,27
33-112,23
33-113,16
33-114,17
33-115,24
33-116,25
33-117,28
33-118,29
33-119,32
33-120,20
33-121,17
33-122,18
33-123,21
33-124,24
33-125,25
33-126,28
33-127,29
33-1001,9
34-35,1
34-36,6
34-37,7
34-38,10
34-39,11
34-40,9
34-41,4
34-42,1
34-43,6
34-44,7
34-45,10
34-46,11
34-47,14
34-48,12
34-49,5
34-50,4
34-51,7
34-52,8
34-53,15
34-54,16
34-55,19
34-56,9
34-57,6
34-58,5
34-59,8
34-60,9
34-61,12
34-62,15
34-63,16
34-64,10
34-65,9
34-66,8
34-67,9
34-68,12
34-69,13
34-70,16
34-71,17
34-72,13
34-73,10
34-74,9
34-75,12
34-76,13
34-77,16
34-78,17
34-79,20
34-80,18
34-81,11
34-82,10
34-83,17
34-84,14
34-85,21
34-86,22
34-87,25
34-88,15
34-89,12
34-90,11
34-91,14
34-92,15
34-93,18
34-94,21
34-95,22
34-96,16
34-97,15
34-98,14
34-99,15
34-100,18
34-101,19
34-102,22
34-103,23
34-104,19
34-105,16
34-106,15
34-107,18
34-108,19
34-109,22
34-110,23
34-111,26
34-112,24
34-113,17
34-114,16
34-115,23
34-116,20
34-117,27
34-118,28
34-119,31
34-120,21
34-121,18
34-122,17
34-123,20
34-124,21
34-125,24
34-126,27
34-127,28
34-1001,12
35-36,3
35-37,6
35-38,9
35-39,10
35-40,10
35-41,7
35-42,6
35-43,1
35-44,4
35-45,9
35-46,10
35-47,13
35-48,15
35-49,8
35-50,11
35-51,4
35-52,5
35-53,12
35-54,13
35-55,16
35-56,12
35-57,11
35-58,8
35-59,5
35-60,6
35-61,9
35-62,12
35-63,13
35-64,13
35-65,12
35-66,9
35-67,8
35-68,9
35-69,10
35-70,13
35-71,14
35-72,16
35-73,13
35-74,12
35-75,9
35-76,10
35-77,13
35-78,14
35-79,17
35-80,21
35-81,14
35-82,17
35-83,10
35-84,11
35-85,18
35-86,19
35-87,22
35-88,18
35-89,17
35-90,14
35-91,11
35-92,12
35-93,15
35-94,18
35-95,19
35-96,19
35-97,18
35-98,15
35-99,14
35-100,15
35-101,16
35-102,19
35-103,20
35-104,22
35-105,19
35-106,18
35-107,15
35-108,16
35-109,19
35-110,20
35-111,23
35-112,27
35-113,20
35-114,23
35-115,16
35-116,17
35-117,24
35-118,25
35-119,28
35-120,24
35-121,23
35-122,20
35-123,17
35-124,18
35-125,21
35-126,24
35-127,25
35-1001,13
36-37,1
36-38,6
36-39,7
36-40,13
36-41,10
36-42,9
36-43,4
36-44,1
36-45,6
36-46,7
36-47,10
36-48,16
36-49,13
36-50,12
36-51,5
36-52,4
36-53,7
36-54,8
36-55,15
36-56,13
36-57,12
36-58,9
36-59,6
36-60,5
36-61,8
36-62,9
36-63,12
36-64,14
36-65,13
36-66,10
36-67,9
36-68,8
36-69,9
36-70,12
36-71,13
36-72,17
36-73,14
36-74,13
36-75,10
36-76,9
36-77,12
36-78,13
36-79,16
36-80,22
36-81,19
36-82,18
36-83,11
36-84,10
36-85,17
36-86,14
36-87,21
36-88,19
36-89,18
36-90,15
36-91,12
36-92,11
36-93,14
36-94,15
36-95,18
36-96,20
36-97,19
36-98,16
36-99,15
36-100,14
36-101,15
36-102,18
36-103,19
36-104,23
36-105,20
36-106,19
36-107,16
36-108,15
36-109,18
36-110,19
36-111,22
36-112,28
36-113,25
36-114,24
36-115,17
36-116,16
36-117,23
36-118,20
36-119,27
36-120,25
36-121,24
36-122,21
36-123,18
36-124,17
36-125,20
36-126,21
36-127,24
36-1001,16
37-38,3
37-39,6
37-40,14
37-41,11
37-42,10
37-43,7
37-44,6
37-45,1
37-46,4
37-47,9
37-48,19
37-49,16
37-50,15
37-51,8
37-52,11
37-53,4
37-54,5
37-55,12
37-56,16
37-57,15
37-58,12
37-59,11
37-60,8
37-61,5
37-62,6
37-63,9
37-64,17
37-65,16
37-66,13
37-67,12
37-68,9
37-69,8
37-70,9
37-71,10
37-72,20
37-73,17
37-74,16
37-75,13
37-76,12
37-77,9
37-78,10
37-79,13
37-80,25
37-81,22
37-82,21
37-83,14
37-84,17
37-85,10
37-86,11
37-87,18
37-88,22
37-89,21
37-90,18
37-91,17
37-92,14
37-93,11
37-94,12
37-95,15
37-96,23
37-97,22
37-98,19
37-99,18
37-100,15
37-101,14
37-102,15
37-103,16
37-104,26
37-105,23
37-106,22
37-107,19
37-108,18
37-109,15
37-110,16
37-111,19
37-112,31
37-113,28
37-114,27
37-115,20
37-116,23
37-117,16
37-118,17
37-119,24
37-120,28
37-121,27
37-122,24
37-123,23
37-124,20
37-125,17
37-126,18
37-127,21
37-1001,17
38-39,1
38-40,17
38-41,14
38-42,13
38-43,10
38-44,9
38-45,4
38-46,1
38-47,6
38-48,20
38-49,17
38-50,16
38-51,13
38-52,12
38-53,5
38-54,4
38-55,7
38-56,17
38-57,16
38-58,13
38-59,12
38-60,9
38-61,6
38-62,5
38-63,8
38-64,18
38-65,17
38-66,14
38-67,13
38-68,10
38-69,9
38-70,8
38-71,9
38-72,21
38-73,18
38-74,17
38-75,14
38-76,13
38-77,10
38-78,9
38-79,12
38-80,26
38-81,23
38-82,22
38-83,19
38-84,18
38-85,11
38-86,10
38-87,17
38-88,23
38-89,22
38-90,19
38-91,18
38-92,15
38-93,12
38-94,11
38-95,14
38-96,24
38-97,23
38-98,20
38-99,19
38-100,16
38-101,15
38-102,14
38-103,15
38-104,27
38-105,24
38-106,23
38-107,20
38-108,19
38-109,16
38-110,15
38-111,18
38-112,32
38-113,29
38-114,28
38-115,25
38-116,24
38-117,17
38-118,16
38-119,23
38-120,29
38-121,28
38-122,25
38-123,24
38-124,21
38-125,18
38-126,17
38-127,20
38-1001,20
39-40,18
39-41,15
39-42,14
39-43,11
39-44,10
39-45,7
39-46,6
39-47,1
39-48,23
39-49,20
39-50,19
39-51,16
39-52,15
39-53,8
39-54,11
39-55,4
39-56,20
39-57,19
39-58,16
39-59,15
39-60,12
39-61,11
39-62,8
39-63,5
39-64,21
39-65,20
39-66,17
39-67,16
39-68,13
39-69,12
39-70,9
39-71,8
39-72,24
39-73,21
39-74,20
39-75,17
39-76,16
39-77,13
39-78,12
39-79,9
39-80,29
39-81,26
39-82,25
39-83,22
39-84,21
39-85,14
39-86,17
39-87,10
39-88,26
39-89,25
39-90,22
39-91,21
39-92,18
39-93,17
39-94,14
39-95,11
39-96,27
39-97,26
39-98,23
39-99,22
39-100,19
39-101,18
39-102,15
39-103,14
39-104,30
39-105,27
39-106,26
39-107,23
39-108,22
39-109,19
39-110,18
39-111,15
39-112,35
39-113,32
39-114,31
39-115,28
39-116,27
39-117,20
39-118,23
39-119,16
39-120,32
39-121,31
39-122,28
39-123,27
39-124,24
39-125,23
39-126,20
39-127,17
39-1001,21
40-41,1
40-42,10
40-43,13
40-44,14
40-45,17
40-46,18
40-47,21
40-48,1
40-49,10
40-50,11
40-51,14
40-52,15
40-53,18
40-54,19
40-55,22
40-56,4
40-57,7
40-58,10
40-59,11
40-60,14
40-61,15
40-62,18
40-63,19
40-64,7
40-65,8
40-66,11
40-67,12
40-68,15
40-69,16
40-70,19
40-71,20
40-72,8
40-73,11
40-74,12
40-75,15
40-76,16
40-77,19
40-78,20
40-79,23
40-80,9
40-81,16
40-82,13
40-83,20
40-84,21
40-85,24
40-86,25
40-87,28
40-88,10
40-89,13
40-90,16
40-91,17
40-92,20
40-93,21
40-94,24
40-95,25
40-96,13
40-97,14
40-98,17
40-99,18
40-100,21
40-101,22
40-102,25
40-103,26
40-104,14
40-105,17
40-106,18
40-107,21
40-108,22
40-109,25
40-110,26
40-111,29
40-112,15
40-113,22
40-114,19
40-115,26
40-116,27
40-117,30
40-118,31
40-119,34
40-120,16
40-121,19
40-122,22
40-123,23
40-124,26
40-125,27
40-126,30
40-127,31
40-1001,9
41-42,3
41-43,10
41-44,11
41-45,14
41-46,15
41-47,18
41-48,10
41-49,1
41-50,4
41-51,11
41-52,12
41-53,15
41-54,16
41-55,19
41-56,7
41-57,4
41-58,5
41-59,8
41-60,11
41-61,12
41-62,15
41-63,16
41-64,8
41-65,7
41-66,8
41-67,9
41-68,12
41-69,13
41-70,16
41-71,17
41-72,11
41-73,8
41-74,9
41-75,12
41-76,13
41-77,16
41-78,17
41-79,20
41-80,16
41-81,9
41-82,10
41-83,17
41-84,18
41-85,21
41-86,22
41-87,25
41-88,13
41-89,10
41-90,11
41-91,14
41-92,17
41-93,18
41-94,21
41-95,22
41-96,14
41-97,13
41-98,14
41-99,15
41-100,18
41-101,19
41-102,22
41-103,23
41-104,17
41-105,14
41-106,15
41-107,18
41-108,19
41-109,22
41-110,23
41-111,26
41-112,22
41-113,15
41-114,16
41-115,23
41-116,24
41-117,27
41-118,28
41-119,31
41-120,19
41-121,16
41-122,17
41-123,20
41-124,23
41-125,24
41-126,27
41-127,28
41-1001,12
42-43,1
42-44,10
42-45,13
42-46,14
42-47,17
42-48,11
42-49,4
42-50,1
42-51,10
42-52,11
42-53,14
42-54,15
42-55,18
42-56,8
42-57,5
42-58,4
42-59,7
42-60,10
42-61,11
42-62,14
42-63,15
42-64,9
42-65,8
42-66,7
42-67,8
42-68,11
42-69,12
42-70,15
42-71,16
42-72,12
42-73,9
42-74,8
42-75,11
42-76,12
42-77,15
42-78,16
42-79,19
42-80,17
42-81,10
42-82,9
42-83,16
42-84,13
42-85,20
42-86,21
42-87,24
42-88,14
42-89,11
42-90,10
42-91,13
42-92,16
42-93,17
42-94,20
42-95,21
42-96,15
42-97,14
42-98,13
42-99,14
42-100,17
42-101,18
42-102,21
42-103,22
42-104,18
42-105,15
42-106,14
42-107,17
42-108,18
42-109,21
42-110,22
42-111,25
42-112,23
42-113,16
42-114,15
42-115,22
42-116,19
42-117,26
42-118,27
42-119,30
42-120,20
42-121,17
42-122,16
42-123,19
42-124,22
42-125,23
42-126,26
42-127,27
42-1001,13
43-44,3
43-45,10
43-46,11
43-47,14
43-48,14
43-49,11
43-50,10
43-51,1
43-52,4
43-53,11
43-54,12
43-55,15
43-56,11
43-57,10
43-58,7
43-59,4
43-60,5
43-61,8
43-62,11
43-63,12
43-64,12
43-65,11
43-66,8
43-67,7
43-68,8
43-69,9
43-70,12
43-71,13
43-72,15
43-73,12
43-74,11
43-75,8
43-76,9
43-77,12
43-78,13
43-79,16
43-80,20
43-81,13
43-82,16
43-83,9
43-84,10
43-85,17
43-86,18
43-87,21
43-88,17
43-89,16
43-90,13
43-91,10
43-92,11
43-93,14
43-94,17
43-95,18
43-96,18
43-97,17
43-98,14
43-99,13
43-100,14
43-101,15
43-102,18
43-103,19
43-104,21
43-105,18
43-106,17
43-107,14
43-108,15
43-109,18
43-110,19
43-111,22
43-112,26
43-113,19
43-114,22
43-115,15
43-116,16
43-117,23
43-118,24
43-119,27
43-120,23
43-121,22
43-122,19
43-123,16
43-124,17
43-125,20
43-126,23
43-127,24
43-1001,16
44-45,1
44-46,10
44-47,13
44-48,15
44-49,12
44-50,11
44-51,4
44-52,1
44-53,10
44-54,11
44-55,14
44-56,12
44-57,11
44-58,8
44-59,5
44-60,4
44-61,7
44-62,10
44-63,11
44-64,13
44-65,12
44-66,9
44-67,8
44-68,7
44-69,8
44-70,11
44-71,12
44-72,16
44-73,13
44-74,12
44-75,9
44-76,8
44-77,11
44-78,12
44-79,15
44-80,21
44-81,18
44-82,17
44-83,10
44-84,9
44-85,16
44-86,13
44-87,20
44-88,18
44-89,17
44-90,14
44-91,11
44-92,10
44-93,13
44-94,16
44-95,17
44-96,19
44-97,18
44-98,15
44-99,14
44-100,13
44-101,14
44-102,17
44-103,18
44-104,22
44-105,19
44-106,18
44-107,15
44-108,14
44-109,17
44-110,18
44-111,21
44-112,27
44-113,24
44-114,23
44-115,16
44-116,15
44-117,22
44-118,19
44-119,26
44-120,24
44-121,23
44-122,20
44-123,17
44-124,16
44-125,19
44-126,22
44-127,23
44-1001,17
45-46,3
45-47,10
45-48,18
45-49,15
45-50,14
45-51,11
45-52,10
45-53,1
45-54,4
45-55,11
45-56,15
45-57,14
45-58,11
45-59,10
45-60,7
45-61,4
45-62,5
45-63,8
45-64,16
45-65,15
45-66,12
45-67,11
45-68,8
45-69,7
45-70,8
45-71,9
45-72,19
45-73,16
45-74,15
45-75,12
45-76,11
45-77,8
45-78,9
45-79,12
45-80,24
45-81,21
45-82,20
45-83,13
45-84,16
45-85,9
45-86,10
45-87,17
45-88,21
45-89,20
45-90,17
45-91,16
45-92,13
45-93,10
45-94,11
45-95,14
45-96,22
45-97,21
45-98,18
45-99,17
45-100,14
45-101,13
45-102,14
45-103,15
45-104,25
45-105,22
45-106,21
45-107,18
45-108,17
45-109,14
45-110,15
45-111,18
45-112,30
45-113,27
45-114,26
45-115,19
45-116,22
45-117,15
45-118,16
45-119,23
45-120,27
45-121,26
45-122,23
45-123,22
45-124,19
45-125,16
45-126,17
45-127,20
45-1001,20
46-47,1
46-48,19
46-49,16
46-50,15
46-51,12
46-52,11
46-53,4
46-54,1
46-55,10
46-56,16
46-57,15
46-58,12
46-59,11
46-60,8
46-61,5
46-62,4
46-63,7
46-64,17
46-65,16
46-66,13
46-67,12
46-68,9
46-69,8
46-70,7
46-71,8
46-72,20
46-73,17
46-74,16
46-75,13
46-76,12
46-77,9
46-78,8
46-79,11
46-80,25
46-81,22
46-82,21
46-83,18
46-84,17
46-85,10
46-86,9
46-87,16
46-88,22
46-89,21
46-90,18
46-91,17
46-92,14
46-93,11
46-94,10
46-95,13
46-96,23
46-97,22
46-98,19
46-99,18
46-100,15
46-101,14
46-102,13
46-103,14
46-104,26
46-105,23
46-106,22
46-107,19
46-108,18
46-109,15
46-110,14
46-111,17
46-112,31
46-113,28
46-114,27
46-115,24
46-116,23
46-117,16
46-118,15
46-119,22
46-120,28
46-121,27
46-122,24
46-123,23
46-124,20
46-125,17
46-126,16
46-127,19
46-1001,21
47-48,22
47-49,19
47-50,18
47-51,15
47-52,14
47-53,11
47-54,10
47-55,1
47-56,19
47-57,18
47-58,15
47-59,14
47-60,11
47-61,10
47-62,7
47-63,4
47-64,20
47-65,19
47-66,16
47-67,15
47-68,12
47-69,11
47-70,8
47-71,7
47-72,23
47-73,20
47-74,19
47-75,16
47-76,15
47-77,12
47-78,11
47-79,8
47-80,28
47-81,25
47-82,24
47-83,21
47-84,20
47-85,13
47-86,16
47-87,9
47-88,25
47-89,24
47-90,21
47-91,20
47-92,17
47-93,16
47-94,13
47-95,10
47-96,26
47-97,25
47-98,22
47-99,21
47-100,18
47-101,17
47-102,14
47-103,13
47-104,29
47-105,26
47-106,25
47-107,22
47-108,21
47-109,18
47-110,17
47-111,14
47-112,34
47-113,31
47-114,30
47-115,27
47-116,26
47-117,19
47-118,22
47-119,15
47-120,31
47-121,30
47-122,27
47-123,26
47-124,23
47-125,22
47-126,19
47-127,16
47-1001,24
48-49,1
48-50,10
48-51,13
48-52,14
48-53,17
48-54,18
48-55,21
48-56,1
48-57,6
48-58,9
48-59,10
48-60,13
48-61,14
48-62,17
48-63,18
48-64,6
48-65,7
48-66,10
48-67,11
48-68,14
48-69,15
48-70,18
48-71,19
48-72,7
48-73,10
48-74,11
48-75,14
48-76,15
48-77,18
48-78,19
48-79,22
48-80,8
48-81,15
48-82,12
48-83,19
48-84,20
48-85,23
48-86,24
48-87,27
48-88,9
48-89,12
48-90,15
48-91,16
48-92,19
48-93,20
48-94,23
48-95,24
48-96,12
48-97,13
48-98,16
48-99,17
48-100,20
48-101,21
48-102,24
48-103,25
48-104,13
48-105,16
48-106,17
48-107,20
48-108,21
48-109,24
48-110,25
48-111,28
48-112,14
48-113,21
48-114,18
48-115,25
48-116,26
48-117,29
48-118,30
48-119,33
48-120,15
48-121,18
48-122,21
48-123,22
48-124,25
48-125,26
48-126,29
48-127,30
48-1001,10
49-50,3
49-51,10
49-52,11
49-53,14
49-54,15
49-55,18
49-56,6
49-57,1
49-58,4
49-59,7
49-60,10
49-61,11
49-62,14
49-63,15
49-64,7
49-65,6
49-66,7
49-67,8
49-68,11
49-69,12
49-70,15
49-71,16
49-72,10
49-73,7
49-74,8
49-75,11
49-76,12
49-77,15
49-78,16
49-79,19
49-80,15
49-81,8
49-82,9
49-83,16
49-84,17
49-85,20
49-86,21
49-87,24
49-88,12
49-89,9
49-90,10
49-91,13
49-92,16
49-93,17
49-94,20
49-95,21
49-96,13
49-97,12
49-98,13
49-99,14
49-100,17
49-101,18
49-102,21
49-103,22
49-104,16
49-105,13
49-106,14
49-107,17
49-108,18
49-109,21
49-110,22
49-111,25
49-112,21
49-113,14
49-114,15
49-115,22
49-116,23
49-117,26
49-118,27
49-119,30
49-120,18
49-121,15
49-122,16
49-123,19
49-124,22
49-125,23
49-126,26
49-127,27
49-1001,13
50-51,1
50-52,10
50-53,13
50-54,14
50-55,17
50-56,7
50-57,4
50-58,1
50-59,6
50-60,9
50-61,10
50-62,13
50-63,14
50-64,8
50-65,7
50-66,6
50-67,7
50-68,10
50-69,11
50-70,14
50-71,15
50-72,11
50-73,8
50-74,7
50-75,10
50-76,11
50-77,14
50-78,15
50-79,18
50-80,16
50-81,9
50-82,8
50-83,15
50-84,12
50-85,19
50-86,20
50-87,23
50-88,13
50-89,10
50-90,9
50-91,12
50-92,15
50-93,16
50-94,19
50-95,20
50-96,14
50-97,13
50-98,12
50-99,13
50-100,16
50-101,17
50-102,20
50-103,21
50-104,17
50-105,14
50-106,13
50-107,16
50-108,17
50-109,20
50-110,21
50-111,24
50-112,22
50-113,15
50-114,14
50-115,21
50-116,18
50-117,25
50-118,26
50-119,29
50-120,19
50-121,16
50-122,15
50-123,18
50-124,21
50-125,22
50-126,25
50-127,26
50-1001,14
51-52,3
51-53,10
51-54,11
51-55,14
51-56,10
51-57,9
51-58,6
51-59,1
51-60,4
51-61,7
51-62,10
51-63,11
51-64,11
51-65,10
51-66,7
51-67,6
51-68,7
51-69,8
51-70,11
51-71,12
51-72,14
51-73,11
51-74,10
51-75,7
51-76,8
51-77,11
51-78,12
51-79,15
51-80,19
51-81,12
51-82,15
51-83,8
51-84,9
51-85,16
51-86,17
51-87,20
51-88,16
51-89,15
51-90,12
51-91,9
51-92,10
51-93,13
51-94,16
51-95,17
51-96,17
51-97,16
51-98,13
51-99,12
51-100,13
51-101,14
51-102,17
51-103,18
51-104,20
51-105,17
51-106,16
51-107,13
51-108,14
51-109,17
51-110,18
51-111,21
51-112,25
51-113,18
51-114,21
51-115,14
51-116,15
51-117,22
51-118,23
51-119,26
51-120,22
51-121,21
51-122,18
51-123,15
51-124,16
51-125,19
51-126,22
51-127,23
51-1001,17
52-53,1
52-54,10
52-55,13
52-56,11
52-57,10
52-58,7
52-59,4
52-60,1
52-61,6
52-62,9
52-63,10
52-64,12
52-65,11
52-66,8
52-67,7
52-68,6
52-69,7
52-70,10
52-71,11
52-72,15
52-73,12
52-74,11
52-75,8
52-76,7
52-77,10
52-78,11
52-79,14
52-80,20
52-81,17
52-82,16
52-83,9
52-84,8
52-85,15
52-86,12
52-87,19
52-88,17
52-89,16
52-90,13
52-91,10
52-92,9
52-93,12
52-94,15
52-95,16
52-96,18
52-97,17
52-98,14
52-99,13
52-100,12
52-101,13
52-102,16
52-103,17
52-104,21
52-105,18
52-106,17
52-107,14
52-108,13
52-109,16
52-110,17
52-111,20
52-112,26
52-113,23
52-114,22
52-115,15
52-116,14
52-117,21
52-118,18
52-119,25
52-120,23
52-121,22
52-122,19
52-123,16
52-124,15
52-125,18
52-126,21
52-127,22
52-1001,18
53-54,3
53-55,10
53-56,14
53-57,13
53-58,10
53-59,9
53-60,6
53-61,1
53-62,4
53-63,7
53-64,15
53-65,14
53-66,11
53-67,10
53-68,7
53-69,6
53-70,7
53-71,8
53-72,18
53-73,15
53-74,14
53-75,11
53-76,10
53-77,7
53-78,8
53-79,11
53-80,23
53-81,20
53-82,19
53-83,12
53-84,15
53-85,8
53-86,9
53-87,16
53-88,20
53-89,19
53-90,16
53-91,15
53-92,12
53-93,9
53-94,10
53-95,13
53-96,21
53-97,20
53-98,17
53-99,16
53-100,13
53-101,12
53-102,13
53-103,14
53-104,24
53-105,21
53-106,20
53-107,17
53-108,16
53-109,13
53-110,14
53-111,17
53-112,29
53-113,26
53-114,25
53-115,18
53-116,21
53-117,14
53-118,15
53-119,22
53-120,26
53-121,25
53-122,22
53-123,21
53-124,18
53-125,15
53-126,16
53-127,19
53-1001,21
54-55,1
54-56,15
54-57,14
54-58,11
54-59,10
54-60,7
54-61,4
54-62,1
54-63,6
54-64,16
54-65,15
54-66,12
54-67,11
54-68,8
54-69,7
54-70,6
54-71,7
54-72,19
54-73,16
54-74,15
54-75,12
54-76,11
54-77,8
54-78,7
54-79,10
54-80,24
54-81,21
54-82,20
54-83,17
54-84,16
54-85,9
54-86,8
54-87,15
54-88,21
54-89,20
54-90,17
54-91,16
54-92,13
54-93,10
54-94,9
54-95,12
54-96,22
54-97,21
54-98,18
54-99,17
54-100,14
54-101,13
54-102,12
54-103,13
54-104,25
54-105,22
54-106,21
54-107,18
54-108,17
54-109,14
54-110,13
54-111,16
54-112,30
54-113,27
54-114,26
54-115,23
54-116,22
54-117,15
54-118,14
54-119,21
54-120,27
54-121,26
54-122,23
54-123,22
54-124,19
54-125,16
54-126,15
54-127,18
54-1001,22
55-56,18
55-57,17
55-58,14
55-59,13
55-60,10
55-61,9
55-62,6
55-63,1
55-64,19
55-65,18
55-66,15
55-67,14
55-68,11
55-69,10
55-70,7
55-71,6
55-72,22
55-73,19
55-74,18
55-75,15
55-76,14
55-77,11
55-78,10
55-79,7
55-80,27
55-81,24
55-82,23
55-83,20
55-84,19
55-85,12
55-86,15
55-87,8
55-88,24
55-89,23
55-90,20
55-91,19
55-92,16
55-93,15
55-94,12
55-95,9
55-96,25
55-97,24
55-98,21
55-99,20
55-100,17
55-101,16
55-102,13
55-103,12
55-104,28
55-105,25
55-106,24
55-107,21
55-108,20
55-109,17
55-110,16
55-111,13
55-112,33
55-113,30
55-114,29
55-115,26
55-116,25
55-117,18
55-118,21
55-119,14
55-120,30
55-121,29
55-122,26
55-123,25
55-124,22
55-125,21
55-126,18
55-127,15
55-1001,25
56-57,1
56-58,6
56-59,7
56-60,10
56-61,11
56-62,14
56-63,15
56-64,3
56-65,4
56-66,7
56-67,8
56-68,11
56-69,12
56-70,15
56-71,16
56-72,6
56-73,7
56-74,8
56-75,11
56-76,12
56-77,15
56-78,16
56-79,19
56-80,7
56-81,8
56-82,9
56-83,16
56-84,17
56-85,20
56-86,21
56-87,24
56-88,8
56-89,9
56-90,10
56-91,13
56-92,16
56-93,17
56-94,20
56-95,21
56-96,11
56-97,12
56-98,13
56-99,14
56-100,17
56-101,18
56-102,21
56-103,22
56-104,12
56-105,13
56-106,14
56-107,17
56-108,18
56-109,21
56-110,22
56-111,25
56-112,13
56-113,14
56-114,15
56-115,22
56-116,23
56-117,26
56-118,27
56-119,30
56-120,14
56-121,15
56-122,16
56-123,19
56-124,22
56-125,23
56-126,26
56-127,27
56-1001,11
57-58,3
57-59,6
57-60,9
57-61,10
57-62,13
57-63,14
57-64,4
57-65,3
57-66,6
57-67,7
57-68,10
57-69,11
57-70,14
57-71,15
57-72,7
57-73,6
57-74,7
57-75,10
57-76,11
57-77,14
57-78,15
57-79,18
57-80,8
57-81,7
57-82,8
57-83,15
57-84,16
57-85,19
57-86,20
57-87,23
57-88,9
57-89,8
57-90,9
57-91,12
57-92,15
57-93,16
57-94,19
57-95,20
57-96,12
57-97,11
57-98,12
57-99,13
57-100,16
57-101,17
57-102,20
57-103,21
57-104,13
57-105,12
57-106,13
57-107,16
57-108,17
57-109,20
57-110,21
57-111,24
57-112,14
57-113,13
57-114,14
57-115,21
57-116,22
57-117,25
57-118,26
57-119,29
57-120,15
57-121,14
57-122,15
57-123,18
57-124,21
57-125,22
57-126,25
57-127,26
57-1001,14
58-59,1
58-60,6
58-61,7
58-62,10
58-63,11
58-64,7
58-65,6
58-66,3
58-67,4
58-68,7
58-69,8
58-70,11
58-71,12
58-72,10
58-73,7
58-74,6
58-75,7
58-76,8
58-77,11
58-78,12
58-79,15
58-80,15
58-81,8
58-82,7
58-83,8
58-84,9
58-85,16
58-86,17
58-87,20
58-88,12
58-89,9
58-90,8
58-91,9
58-92,10
58-93,13
58-94,16
58-95,17
58-96,13
58-97,12
58-98,11
58-99,12
58-100,13
58-101,14
58-102,17
58-103,18
58-104,16
58-105,13
58-106,12
58-107,13
58-108,14
58-109,17
58-110,18
58-111,21
58-112,21
58-113,14
58-114,13
58-115,14
58-116,15
58-117,22
58-118,23
58-119,26
58-120,18
58-121,15
58-122,14
58-123,15
58-124,16
58-125,19
58-126,22
58-127,23
58-1001,15
59-60,3
59-61,6
59-62,9
59-63,10
59-64,8
59-65,7
59-66,4
59-67,3
59-68,6
59-69,7
59-70,10
59-71,11
59-72,11
59-73,8
59-74,7
59-75,6
59-76,7
59-77,10
59-78,11
59-79,14
59-80,16
59-81,9
59-82,8
59-83,7
59-84,8
59-85,15
59-86,16
59-87,19
59-88,13
59-89,10
59-90,9
59-91,8
59-92,9
59-93,12
59-94,15
59-95,16
59-96,14
59-97,13
59-98,12
59-99,11
59-100,12
59-101,13
59-102,16
59-103,17
59-104,17
59-105,14
59-106,13
59-107,12
59-108,13
59-109,16
59-110,17
59-111,20
59-112,22
59-113,15
59-114,14
59-115,13
59-116,14
59-117,21
59-118,22
59-119,25
59-120,19
59-121,16
59-122,15
59-123,14
59-124,15
59-125,18
59-126,21
59-127,22
59-1001,18
60-61,1
60-62,6
60-63,7
60-64,11
60-65,10
60-66,7
60-67,6
60-68,3
60-69,4
60-70,7
60-71,8
60-72,14
60-73,11
60-74,10
60-75,7
60-76,6
60-77,7
60-78,8
60-79,11
60-80,19
60-81,16
60-82,15
60-83,8
60-84,7
60-85,8
60-86,9
60-87,16
60-88,16
60-89,15
60-90,12
60-91,9
60-92,8
60-93,9
60-94,10
60-95,13
60-96,17
60-97,16
60-98,13
60-99,12
60-100,11
60-101,12
60-102,13
60-103,14
60-104,20
60-105,17
60-106,16
60-107,13
60-108,12
60-109,13
60-110,14
60-111,17
60-112,25
60-113,22
60-114,21
60-115,14
60-116,13
60-117,14
60-118,15
60-119,22
60-120,22
60-121,21
60-122,18
60-123,15
60-124,14
60-125,15
60-126,16
60-127,19
60-1001,19
61-62,3
61-63,6
61-64,12
61-65,11
61-66,8
61-67,7
61-68,4
61-69,3
61-70,6
61-71,7
61-72,15
61-73,12
61-74,11
61-75,8
61-76,7
61-77,6
61-78,7
61-79,10
61-80,20
61-81,17
61-82,16
61-83,9
61-84,8
61-85,7
61-86,8
61-87,15
61-88,17
61-89,16
61-90,13
61-91,10
61-92,9
61-93,8
61-94,9
61-95,12
61-96,18
61-97,17
61-98,14
61-99,13
61-100,12
61-101,11
61-102,12
61-103,13
61-104,21
61-105,18
61-106,17
61-107,14
61-108,13
61-109,12
61-110,13
61-111,16
61-112,26
61-113,23
61-114,22
61-115,15
61-116,14
61-117,13
61-118,14
61-119,21
61-120,23
61-121,22
61-122,19
61-123,16
61-124,15
61-125,14
61-126,15
61-127,18
61-1001,22
62-63,1
62-64,15
62-65,14
62-66,11
62-67,10
62-68,7
62-69,6
62-70,3
62-71,4
62-72,18
62-73,15
62-74,14
62-75,11
62-76,10
62-77,7
62-78,6
62-79,7
62-80,23
62-81,20
62-82,19
62-83,16
62-84,15
62-85,8
62-86,7
62-87,8
62-88,20
62-89,19
62-90,16
62-91,15
62-92,12
62-93,9
62-94,8
62-95,9
62-96,21
62-97,20
62-98,17
62-99,16
62-100,13
62-101,12
62-102,11
62-103,12
62-104,24
62-105,21
62-106,20
62-107,17
62-108,16
62-109,13
62-110,12
62-111,13
62-112,29
62-113,26
62-114,25
62-115,22
62-116,21
62-117,14
62-118,13
62-119,14
62-120,26
62-121,25
62-122,22
62-123,21
62-124,18
62-125,15
62-126,14
62-127,15
62-1001,23
63-64,16
63-65,15
63-66,12
63-67,11
63-68,8
63-69,7
63-70,4
63-71,3
63-72,19
63-73,16
63-74,15
63-75,12
63-76,11
63-77,8
63-78,7
63-79,6
63-80,24
63-81,21
63-82,20
63-83,17
63-84,16
63-85,9
63-86,8
63-87,7
63-88,21
63-89,20
63-90,17
63-91,16
63-92,13
63-93,10
63-94,9
63-95,8
63-96,22
63-97,21
63-98,18
63-99,17
63-100,14
63-101,13
63-102,12
63-103,11
63-104,25
63-105,22
63-106,21
63-107,18
63-108,17
63-109,14
63-110,13
63-111,12
63-112,30
63-113,27
63-114,26
63-115,23
63-116,22
63-117,15
63-118,14
63-119,13
63-120,27
63-121,26
63-122,23
63-123,22
63-124,19
63-125,16
63-126,15
63-127,14
63-1001,26
64-65,1
64-66,6
64-67,7
64-68,10
64-69,11
64-70,14
64-71,15
64-72,1
64-73,6
64-74,7
64-75,10
64-76,11
64-77,14
64-78,15
64-79,18
64-80,4
64-81,7
64-82,8
64-83,15
64-84,16
64-85,19
64-86,20
64-87,23
64-88,5
64-89,8
64-90,9
64-91,12
64-92,15
64-93,16
64-94,19
64-95,20
64-96,8
64-97,9
64-98,12
64-99,13
64-100,16
64-101,17
64-102,20
64-103,21
64-104,9
64-105,12
64-106,13
64-107,16
64-108,17
64-109,20
64-110,21
64-111,24
64-112,10
64-113,17
64-114,14
64-115,21
64-116,22
64-117,25
64-118,26
64-119,29
64-120,11
64-121,14
64-122,15
64-123,18
64-124,21
64-125,22
64-126,25
64-127,26
64-1001,14
65-66,3
65-67,6
65-68,9
65-69,10
65-70,13
65-71,14
65-72,6
65-73,1
65-74,4
65-75,9
65-76,10
65-77,13
65-78,14
65-79,17
65-80,11
65-81,4
65-82,5
65-83,12
65-84,13
65-85,16
65-86,17
65-87,20
65-88,8
65-89,5
65-90,6
65-91,9
65-92,12
65-93,13
65-94,16
65-95,17
65-96,9
65-97,8
65-98,9
65-99,10
65-100,13
65-101,14
65-102,17
65-103,18
65-104,12
65-105,9
65-106,10
65-107,13
65-108,14
65-109,17
65-110,18
65-111,21
65-112,17
65-113,10
65-114,11
65-115,18
65-116,19
65-117,22
65-118,23
65-119,26
65-120,14
65-121,11
65-122,12
65-123,15
65-124,18
65-125,19
65-126,22
65-127,23
65-1001,15
66-67,1
66-68,6
66-69,7
66-70,10
66-71,11
66-72,9
66-73,4
66-74,1
66-75,6
66-76,7
66-77,10
66-78,11
66-79,14
66-80,12
66-81,5
66-82,4
66-83,7
66-84,8
66-85,15
66-86,16
66-87,19
66-88,9
66-89,6
66-90,5
66-91,8
66-92,9
66-93,12
66-94,15
66-95,16
66-96,10
66-97,9
66-98,8
66-99,9
66-100,12
66-101,13
66-102,16
66-103,17
66-104,13
66-105,10
66-106,9
66-107,12
66-108,13
66-109,16
66-110,17
66-111,20
66-112,18
66-113,11
66-114,10
66-115,17
66-116,14
66-117,21
66-118,22
66-119,25
66-120,15
66-121,12
66-122,11
66-123,14
66-124,15
66-125,18
66-126,21
66-127,22
66-1001,18
67-68,3
67-69,6
67-70,9
67-71,10
67-72,10
67-73,7
67-74,6
67-75,1
67-76,4
67-77,9
67-78,10
67-79,13
67-80,15
67-81,8
67-82,11
67-83,4
67-84,5
67-85,12
67-86,13
67-87,16
67-88,12
67-89,11
67-90,8
67-91,5
67-92,6
67-93,9
67-94,12
67-95,13
67-96,13
67-97,12
67-98,9
67-99,8
67-100,9
67-101,10
67-102,13
67-103,14
67-104,16
67-105,13
67-106,12
67-107,9
67-108,10
67-109,13
67-110,14
67-111,17
67-112,21
67-113,14
67-114,17
67-115,10
67-116,11
67-117,18
67-118,19
67-119,22
67-120,18
67-121,17
67-122,14
67-123,11
67-124,12
67-125,15
67-126,18
67-127,19
67-1001,19
68-69,1
68-70,6
68-71,7
68-72,13
68-73,10
68-74,9
68-75,4
68-76,1
68-77,6
68-78,7
68-79,10
68-80,16
68-81,13
68-82,12
68-83,5
68-84,4
68-85,7
68-86,8
68-87,15
68-88,13
68-89,12
68-90,9
68-91,6
68-92,5
68-93,8
68-94,9
68-95,12
68-96,14
68-97,13
68-98,10
68-99,9
68-100,8
68-101,9
68-102,12
68-103,13
68-104,17
68-105,14
68-106,13
68-107,10
68-108,9
68-109,12
68-110,13
68-111,16
68-112,22
68-113,19
68-114,18
68-115,11
68-116,10
68-117,17
68-118,14
68-119,21
68-120,19
68-121,18
68-122,15
68-123,12
68-124,11
68-125,14
68-126,15
68-127,18
68-1001,22
69-70,3
69-71,6
69-72,14
69-73,11
69-74,10
69-75,7
69-76,6
69-77,1
69-78,4
69-79,9
69-80,19
69-81,16
69-82,15
69-83,8
69-84,11
69-85,4
69-86,5
69-87,12
69-88,16
69-89,15
69-90,12
69-91,11
69-92,8
69-93,5
69-94,6
69-95,9
69-96,17
69-97,16
69-98,13
69-99,12
69-100,9
69-101,8
69-102,9
69-103,10
69-104,20
69-105,17
69-106,16
69-107,13
69-108,12
69-109,9
69-110,10
69-111,13
69-112,25
69-113,22
69-114,21
69-115,14
69-116,17
69-117,10
69-118,11
69-119,18
69-120,22
69-121,21
69-122,18
69-123,17
69-124,14
69-125,11
69-126,12
69-127,15
69-1001,23
70-71,1
70-72,17
70-73,14
70-74,13
70-75,10
70-76,9
70-77,4
70-78,1
70-79,6
70-80,20
70-81,17
70-82,16
70-83,13
70-84,12
70-85,5
70-86,4
70-87,7
70-88,17
70-89,16
70-90,13
70-91,12
70-92,9
70-93,6
70-94,5
70-95,8
70-96,18
70-97,17
70-98,14
70-99,13
70-100,10
70-101,9
70-102,8
70-103,9
70-104,21
70-105,18
70-106,17
70-107,14
70-108,13
70-109,10
70-110,9
70-111,12
70-112,26
70-113,23
70-114,22
70-115,19
70-116,18
70-117,11
70-118,10
70-119,17
70-120,23
70-121,22
70-122,19
70-123,18
70-124,15
70-125,12
70-126,11
70-127,14
70-1001,26
71-72,18
71-73,15
71-74,14
71-75,11
71-76,10
71-77,7
71-78,6
71-79,1
71-80,23
71-81,20
71-82,19
71-83,16
71-84,15
71-85,8
71-86,11
71-87,4
71-88,20
71-89,19
71-90,16
71-91,15
71-92,12
71-93,11
71-94,8
71-95,5
71-96,21
71-97,20
71-98,17
71-99,16
71-100,13
71-101,12
71-102,9
71-103,8
71-104,24
71-105,21
71-106,20
71-107,17
71-108,16
71-109,13
71-110,12
71-111,9
71-112,29
71-113,26
71-114,25
71-115,22
71-116,21
71-117,14
71-118,17
71-119,10
71-120,26
71-121,25
71-122,22
71-123,21
71-124,18
71-125,17
71-126,14
71-127,11
71-1001,27
72-73,1
72-74,10
72-75,13
72-76,14
72-77,17
72-78,18
72-79,21
72-80,1
72-81,10
72-82,11
72-83,14
72-84,15
72-85,18
72-86,19
72-87,22
72-88,4
72-89,7
72-90,10
72-91,11
72-92,14
72-93,15
72-94,18
72-95,19
72-96,7
72-97,8
72-98,11
72-99,12
72-100,15
72-101,16
72-102,19
72-103,20
72-104,8
72-105,11
72-106,12
72-107,15
72-108,16
72-109,19
72-110,20
72-111,23
72-112,9
72-113,16
72-114,13
72-115,20
72-116,21
72-117,24
72-118,25
72-119,28
72-120,10
72-121,13
72-122,16
72-123,17
72-124,20
72-125,21
72-126,24
72-127,25
72-1001,15
73-74,3
73-75,10
73-76,11
73-77,14
73-78,15
73-79,18
73-80,10
73-81,1
73-82,4
73-83,11
73-84,12
73-85,15
73-86,16
73-87,19
73-88,7
73-89,4
73-90,5
73-91,8
73-92,11
73-93,12
73-94,15
73-95,16
73-96,8
73-97,7
73-98,8
73-99,9
73-100,12
73-101,13
73-102,16
73-103,17
73-104,11
73-105,8
73-106,9
73-107,12
73-108,13
73-109,16
73-110,17
73-111,20
73-112,16
73-113,9
73-114,10
73-115,17
73-116,18
73-117,21
73-118,22
73-119,25
73-120,13
73-121,10
73-122,11
73-123,14
73-124,17
73-125,18
73-126,21
73-127,22
73-1001,18
74-75,1
74-76,10
74-77,13
74-78,14
74-79,17
74-80,11
74-81,4
74-82,1
74-83,10
74-84,11
74-85,14
74-86,15
74-87,18
74-88,8
74-89,5
74-90,4
74-91,7
74-92,10
74-93,11
74-94,14
74-95,15
74-96,9
74-97,8
74-98,7
74-99,8
74-100,11
74-101,12
74-102,15
74-103,16
74-104,12
74-105,9
74-106,8
74-107,11
74-108,12
74-109,15
74-110,16
74-111,19
74-112,17
74-113,10
74-114,9
74-115,16
74-116,13
74-117,20
74-118,21
74-119,24
74-120,14
74-121,11
74-122,10
74-123,13
74-124,16
74-125,17
74-126,20
74-127,21
74-1001,19
75-76,3
75-77,10
75-78,11
75-79,14
75-80,14
75-81,11
75-82,10
75-83,1
75-84,4
75-85,11
75-86,12
75-87,15
75-88,11
75-89,10
75-90,7
75-91,4
75-92,5
75-93,8
75-94,11
75-95,12
75-96,12
75-97,11
75-98,8
75-99,7
75-100,8
75-101,9
75-102,12
75-103,13
75-104,15
75-105,12
75-106,11
75-107,8
75-108,9
75-109,12
75-110,13
75-111,16
75-112,20
75-113,13
75-114,16
75-115,9
75-116,10
75-117,17
75-118,18
75-119,21
75-120,17
75-121,16
75-122,13
75-123,10
75-124,11
75-125,14
75-126,17
75-127,18
75-1001,22
76-77,1
76-78,10
76-79,13
76-80,15
76-81,12
76-82,11
76-83,4
76-84,1
76-85,10
76-86,11
76-87,14
76-88,12
76-89,11
76-90,8
76-91,5
76-92,4
76-93,7
76-94,10
76-95,11
76-96,13
76-97,12
76-98,9
76-99,8
76-100,7
76-101,8
76-102,11
76-103,12
76-104,16
76-105,13
76-106,12
76-107,9
76-108,8
76-109,11
76-110,12
76-111,15
76-112,21
76-113,18
76-114,17
76-115,10
76-116,9
76-117,16
76-118,13
76-119,20
76-120,18
76-121,17
76-122,14
76-123,11
76-124,10
76-125,13
76-126,16
76-127,17
76-1001,23
77-78,3
77-79,10
77-80,18
77-81,15
77-82,14
77-83,11
77-84,10
77-85,1
77-86,4
77-87,11
77-88,15
77-89,14
77-90,11
77-91,10
77-92,7
77-93,4
77-94,5
77-95,8
77-96,16
77-97,15
77-98,12
77-99,11
77-100,8
77-101,7
77-102,8
77-103,9
77-104,19
77-105,16
77-106,15
77-107,12
77-108,11
77-109,8
77-110,9
77-111,12
77-112,24
77-113,21
77-114,20
77-115,13
77-116,16
77-117,9
77-118,10
77-119,17
77-120,21
77-121,20
77-122,17
77-123,16
77-124,13
77-125,10
77-126,11
77-127,14
77-1001,26
78-79,1
78-80,19
78-81,16
78-82,15
78-83,12
78-84,11
78-85,4
78-86,1
78-87,10
78-88,16
78-89,15
78-90,12
78-91,11
78-92,8
78-93,5
78-94,4
78-95,7
78-96,17
78-97,16
78-98,13
78-99,12
78-100,9
78-101,8
78-102,7
78-103,8
78-104,20
78-105,17
78-106,16
78-107,13
78-108,12
78-109,9
78-110,8
78-111,11
78-112,25
78-113,22
78-114,21
78-115,18
78-116,17
78-117,10
78-118,9
78-119,16
78-120,22
78-121,21
78-122,18
78-123,17
78-124,14
78-125,11
78-126,10
78-127,13
78-1001,27
79-80,22
79-81,19
79-82,18
79-83,15
79-84,14
79-85,11
79-86,10
79-87,1
79-88,19
79-89,18
79-90,15
79-91,14
79-92,11
79-93,10
79-94,7
79-95,4
79-96,20
79-97,19
79-98,16
79-99,15
79-100,12
79-101,11
79-102,8
79-103,7
79-104,23
79-105,20
79-106,19
79-107,16
79-108,15
79-109,12
79-110,11
79-111,8
79-112,28
79-113,25
79-114,24
79-115,21
79-116,20
79-117,13
79-118,16
79-119,9
79-120,25
79-121,24
79-122,21
79-123,20
79-124,17
79-125,16
79-126,13
79-127,10
79-1001,30
80-81,1
80-82,10
80-83,13
80-84,14
80-85,17
80-86,18
80-87,21
80-88,1
80-89,6
80-90,9
80-91,10
80-92,13
80-93,14
80-94,17
80-95,18
80-96,6
80-97,7
80-98,10
80-99,11
80-100,14
80-101,15
80-102,18
80-103,19
80-104,7
80-105,10
80-106,11
80-107,14
80-108,15
80-109,18
80-110,19
80-111,22
80-112,8
80-113,15
80-114,12
80-115,19
80-116,20
80-117,23
80-118,24
80-119,27
80-120,9
80-121,12
80-122,15
80-123,16
80-124,19
80-125,20
80-126,23
80-127,24
80-1001,16
81-82,3
81-83,10
81-84,11
81-85,14
81-86,15
81-87,18
81-88,6
81-89,1
81-90,4
81-91,7
81-92,10
81-93,11
81-94,14
81-95,15
81-96,7
81-97,6
81-98,7
81-99,8
81-100,11
81-101,12
81-102,15
81-103,16
81-104,10
81-105,7
81-106,8
81-107,11
81-108,12
81-109,15
81-110,16
81-111,19
81-112,15
81-113,8
81-114,9
81-115,16
81-116,17
81-117,20
81-118,21
81-119,24
81-120,12
81-121,9
81-122,10
81-123,13
81-124,16
81-125,17
81-126,20
81-127,21
81-1001,19
82-83,1
82-84,10
82-85,13
82-86,14
82-87,17
82-88,7
82-89,4
82-90,1
82-91,6
82-92,9
82-93,10
82-94,13
82-95,14
82-96,8
82-97,7
82-98,6
82-99,7
82-100,10
82-101,11
82-102,14
82-103,15
82-104,11
82-105,8
82-106,7
82-107,10
82-108,11
82-109,14
82-110,15
82-111,18
82-112,16
82-113,9
82-114,8
82-115,15
82-116,12
82-117,19
82-118,20
82-119,23
82-120,13
82-121,10
82-122,9
82-123,12
82-124,15
82-125,16
82-126,19
82-127,20
82-1001,20
83-84,3
83-85,10
83-86,11
83-87,14
83-88,10
83-89,9
83-90,6
83-91,1
83-92,4
83-93,7
83-94,10
83-95,11
83-96,11
83-97,10
83-98,7
83-99,6
83-100,7
83-101,8
83-102,11
83-103,12
83-104,14
83-105,11
83-106,10
83-107,7
83-108,8
83-109,11
83-110,12
83-111,15
83-112,19
83-113,12
83-114,15
83-115,8
83-116,9
83-117,16
83-118,17
83-119,20
83-120,16
83-121,15
83-122,12
83-123,9
83-124,10
83-125,13
83-126,16
83-127,17
83-1001,23
84-85,1
84-86,10
84-87,13
84-88,11
84-89,10
84-90,7
84-91,4
84-92,1
84-93,6
84-94,9
84-95,10
84-96,12
84-97,11
84-98,8
84-99,7
84-100,6
84-101,7
84-102,10
84-103,11
84-104,15
84-105,12
84-106,11
84-107,8
84-108,7
84-109,10
84-110,11
84-111,14
84-112,20
84-113,17
84-114,16
84-115,9
84-116,8
84-117,15
84-118,12
84-119,19
84-120,17
84-121,16
84-122,13
84-123,10
84-124,9
84-125,12
84-126,15
84-127,16
84-1001,24
85-86,3
85-87,10
85-88,14
85-89,13
85-90,10
85-91,9
85-92,6
85-93,1
85-94,4
85-95,7
85-96,15
85-97,14
85-98,11
85-99,10
85-100,7
85-101,6
85-102,7
85-103,8
85-104,18
85-105,15
85-106,14
85-107,11
85-108,10
85-109,7
85-110,8
85-111,11
85-112,23
85-113,20
85-114,19
85-115,12
85-116,15
85-117,8
85-118,9
85-119,16
85-120,20
85-121,19
85-122,16
85-123,15
85-124,12
85-125,9
85-126,10
85-127,13
85-1001,27
86-87,1
86-88,15
86-89,14
86-90,11
86-91,10
86-92,7
86-93,4
86-94,1
86-95,6
86-96,16
86-97,15
86-98,12
86-99,11
86-100,8
86-101,7
86-102,6
86-103,7
86-104,19
86-105,16
86-106,15
86-107,12
86-108,11
86-109,8
86-110,7
86-111,10
86-112,24
86-113,21
86-114,20
86-115,17
86-116,16
86-117,9
86-118,8
86-119,15
86-120,21
86-121,20
86-122,17
86-123,16
86-124,13
86-125,10
86-126,9
86-127,12
86-1001,28
87-88,18
87-89,17
87-90,14
87-91,13
87-92,10
87-93,9
87-94,6
87-95,1
87-96,19
87-97,18
87-98,15
87-99,14
87-100,11
87-101,10
87-102,7
87-103,6
87-104,22
87-105,19
87-106,18
87-107,15
87-108,14
87-109,11
87-110,10
87-111,7
87-112,27
87-113,24
87-114,23
87-115,20
87-116,19
87-117,12
87-118,15
87-119,8
87-120,24
87-121,23
87-122,20
87-123,19
87-124,16
87-125,15
87-126,12
87-127,9
87-1001,31
88-89,1
88-90,6
88-91,7
88-92,10
88-93,11
88-94,14
88-95,15
88-96,3
88-97,4
88-98,7
88-99,8
88-100,11
88-101,12
88-102,15
88-103,16
88-104,6
88-105,7
88-106,8
88-107,11
88-108,12
88-109,15
88-110,16
88-111,19
88-112,7
88-113,8
88-114,9
88-115,16
88-116,17
88-117,20
88-118,21
88-119,24
88-120,8
88-121,9
88-122,10
88-123,13
88-124,16
88-125,17
88-126,20
88-127,21
88-1001,17
89-90,3
89-91,6
89-92,9
89-93,10
89-94,13
89-95,14
89-96,4
89-97,3
89-98,6
89-99,7
89-100,10
89-101,11
89-102,14
89-103,15
89-104,7
89-105,6
89-106,7
89-107,10
89-108,11
89-109,14
89-110,15
89-111,18
89-112,8
89-113,7
89-114,8
89-115,15
89-116,16
89-117,19
89-118,20
89-119,23
89-120,9
89-121,8
89-122,9
89-123,12
89-124,15
89-125,16
89-126,19
89-127,20
89-1001,20
90-91,1
90-92,6
90-93,7
90-94,10
90-95,11
90-96,7
90-97,6
90-98,3
90-99,4
90-100,7
90-101,8
90-102,11
90-103,12
90-104,10
90-105,7
90-106,6
90-107,7
90-108,8
90-109,11
90-110,12
90-111,15
90-112,15
90-113,8
90-114,7
90-115,8
90-116,9
90-117,16
90-118,17
90-119,20
90-120,12
90-121,9
90-122,8
90-123,9
90-124,10
90-125,13
90-126,16
90-127,17
90-1001,21
91-92,3
91-93,6
91-94,9
91-95,10
91-96,8
91-97,7
91-98,4
91-99,3
91-100,6
91-101,7
91-102,10
91-103,11
91-104,11
91-105,8
91-106,7
91-107,6
91-108,7
91-109,10
91-110,11
91-111,14
91-112,16
91-113,9
91-114,8
91-115,7
91-116,8
91-117,15
91-118,16
91-119,19
91-120,13
91-121,10
91-122,9
91-123,8
91-124,9
91-125,12
91-126,15
91-127,16
91-1001,24
92-93,1
92-94,6
92-95,7
92-96,11
92-97,10
92-98,7
92-99,6
92-100,3
92-101,4
92-102,7
92-103,8
92-104,14
92-105,11
92-106,10
92-107,7
92-108,6
92-109,7
92-110,8
92-111,11
92-112,19
92-113,16
92-114,15
92-115,8
92-116,7
92-117,8
92-118,9
92-119,16
92-120,16
92-121,15
92-122,12
92-123,9
92-124,8
92-125,9
92-126,10
92-127,13
92-1001,25
93-94,3
93-95,6
93-96,12
93-97,11
93-98,8
93-99,7
93-100,4
93-101,3
93-102,6
93-103,7
93-104,15
93-105,12
93-106,11
93-107,8
93-108,7
93-109,6
93-110,7
93-111,10
93-112,20
93-113,17
93-114,16
93-115,9
93-116,8
93-117,7
93-118,8
93-119,15
93-120,17
93-121,16
93-122,13
93-123,10
93-124,9
93-125,8
93-126,9
93-127,12
93-1001,28
94-95,1
94-96,15
94-97,14
94-98,11
94-99,10
94-100,7
94-101,6
94-102,3
94-103,4
94-104,18
94-105,15
94-106,14
94-107,11
94-108,10
94-109,7
94-110,6
94-111,7
94-112,23
94-113,20
94-114,19
94-115,16
94-116,15
94-117,8
94-118,7
94-119,8
94-120,20
94-121,19
94-122,16
94-123,15
94-124,12
94-125,9
94-126,8
94-127,9
94-1001,29
95-96,16
95-97,15
95-98,12
95-99,11
95-100,8
95-101,7
95-102,4
95-103,3
95-104,19
95-105,16
95-106,15
95-107,12
95-108,11
95-109,8
95-110,7
95-111,6
95-112,24
95-113,21
95-114,20
95-115,17
95-116,16
95-117,9
95-118,8
95-119,7
95-120,21
95-121,20
95-122,17
95-123,16
95-124,13
95-125,10
95-126,9
95-127,8
95-1001,32
96-97,1
96-98,6
96-99,7
96-100,10
96-101,11
96-102,14
96-103,15
96-104,1
96-105,6
96-106,7
96-107,10
96-108,11
96-109,14
96-110,15
96-111,18
96-112,4
96-113,7
96-114,8
96-115,15
96-116,16
96-117,19
96-118,20
96-119,23
96-120,5
96-121,8
96-122,9
96-123,12
96-124,15
96-125,16
96-126,19
96-127,20
96-1001,20
97-98,3
97-99,6
97-100,9
97-101,10
97-102,13
97-103,14
97-104,6
97-105,1
97-106,4
97-107,9
97-108,10
97-109,13
97-110,14
97-111,17
97-112,11
97-113,4
97-114,5
97-115,12
97-116,13
97-117,16
97-118,17
97-119,20
97-120,8
97-121,5
97-122,6
97-123,9
97-124,12
97-125,13
97-126,16
97-127,17
97-1001,21
98-99,1
98-100,6
98-101,7
98-102,10
98-103,11
98-104,9
98-105,4
98-106,1
98-107,6
98-108,7
98-109,10
98-110,11
98-111,14
98-112,12
98-113,5
98-114,4
98-115,7
98-116,8
98-117,15
98-118,16
98-119,19
98-120,9
98-121,6
98-122,5
98-123,8
98-124,9
98-125,12
98-126,15
98-127,16
98-1001,24
99-100,3
99-101,6
99-102,9
99-103,10
99-104,10
99-105,7
99-106,6
99-107,1
99-108,4
99-109,9
99-110,10
99-111,13
99-112,15
99-113,8
99-114,11
99-115,4
99-116,5
99-117,12
99-118,13
99-119,16
99-120,12
99-121,11
99-122,8
99-123,5
99-124,6
99-125,9
99-126,12
99-127,13
99-1001,25
100-101,1
100-102,6
100-103,7
100-104,13
100-105,10
100-106,9
100-107,4
100-108,1
100-109,6
100-110,7
100-111,10
100-112,16
100-113,13
100-114,12
100-115,5
100-116,4
100-117,7
100-118,8
100-119,15
100-120,13
100-121,12
100-122,9
100-123,6
100-124,5
100-125,8
100-126,9
100-127,12
100-1001,28
101-102,3
101-103,6
101-104,14
101-105,11
101-106,10
101-107,7
101-108,6
101-109,1
101-110,4
101-111,9
101-112,19
101-113,16
101-114,15
101-115,8
101-116,11
101-117,4
101-118,5
101-119,12
101-120,16
101-121,15
101-122,12
101-123,11
101-124,8
101-125,5
101-126,6
101-127,9
101-1001,29
102-103,1
102-104,17
102-105,14
102-106,13
102-107,10
102-108,9
102-109,4
102-110,1
102-111,6
102-112,20
102-113,17
102-114,16
102-115,13
102-116,12
102-117,5
102-118,4
102-119,7
102-120,17
102-121,16
102-122,13
102-123,12
102-124,9
102-125,6
102-126,5
102-127,8
102-1001,32
103-104,18
103-105,15
103-106,14
103-107,11
103-108,10
103-109,7
103-110,6
103-111,1
103-112,23
103-113,20
103-114,19
103-115,16
103-116,15
103-117,8
103-118,11
103-119,4
103-120,20
103-121,19
103-122,16
103-123,15
103-124,12
103-125,11
103-126,8
103-127,5
103-1001,33
104-105,1
104-106,10
104-107,13
104-108,14
104-109,17
104-110,18
104-111,21
104-112,1
104-113,10
104-114,11
104-115,14
104-116,15
104-117,18
104-118,19
104-119,22
104-120,4
104-121,7
104-122,10
104-123,11
104-124,14
104-125,15
104-126,18
104-127,19
104-1001,21
105-106,3
105-107,10
105-108,11
105-109,14
105-110,15
105-111,18
105-112,10
105-113,1
105-114,4
105-115,11
105-116,12
105-117,15
105-118,16
105-119,19
105-120,7
105-121,4
105-122,5
105-123,8
105-124,11
105-125,12
105-126,15
105-127,16
105-1001,24
106-107,1
106-108,10
106-109,13
106-110,14
106-111,17
106-112,11
106-113,4
106-114,1
106-115,10
106-116,11
106-117,14
106-118,15
106-119,18
106-120,8
106-121,5
106-122,4
106-123,7
106-124,10
106-125,11
106-126,14
106-127,15
106-1001,25
107-108,3
107-109,10
107-110,11
107-111,14
107-112,14
107-113,11
107-114,10
107-115,1
107-116,4
107-117,11
107-118,12
107-119,15
107-120,11
107-121,10
107-122,7
107-123,4
107-124,5
107-125,8
107-126,11
107-127,12
107-1001,28
108-109,1
108-110,10
108-111,13
108-112,15
108-113,12
108-114,11
108-115,4
108-116,1
108-117,10
108-118,11
108-119,14
108-120,12
108-121,11
108-122,8
108-123,5
108-124,4
108-125,7
108-126,10
108-127,11
108-1001,29
109-110,3
109-111,10
109-112,18
109-113,15
109-114,14
109-115,11
109-116,10
109-117,1
109-118,4
109-119,11
109-120,15
109-121,14
109-122,11
109-123,10
109-124,7
109-125,4
109-126,5
109-127,8
109-1001,32
110-111,1
110-112,19
110-113,16
110-114,15
110-115,12
110-116,11
110-117,4
110-118,1
110-119,10
110-120,16
110-121,15
110-122,12
110-123,11
110-124,8
110-125,5
110-126,4
110-127,7
110-1001,33
111-112,22
111-113,19
111-114,18
111-115,15
111-116,14
111-117,11
111-118,10
111-119,1
111-120,19
111-121,18
111-122,15
111-123,14
111-124,11
111-125,10
111-126,7
111-127,4
111-1001,36
112-113,1
112-114,10
112-115,13
112-116,14
112-117,17
112-118,18
112-119,21
112-120,1
112-121,6
112-122,9
112-123,10
112-124,13
112-125,14
112-126,17
112-127,18
112-1001,22
113-114,3
113-115,10
113-116,11
113-117,14
113-118,15
113-119,18
113-120,6
113-121,1
113-122,4
113-123,7
113-124,10
113-125,11
113-126,14
113-127,15
113-1001,25
114-115,1
114-116,10
114-117,13
114-118,14
114-119,17
114-120,7
114-121,4
114-122,1
114-123,6
114-124,9
114-125,10
114-126,13
114-127,14
114-1001,26
115-116,3
115-117,10
115-118,11
115-119,14
115-120,10
115-121,9
115-122,6
115-123,1
115-124,4
115-125,7
115-126,10
115-127,11
115-1001,29
116-117,1
116-118,10
116-119,13
116-120,11
116-121,10
116-122,7
116-123,4
116-124,1
116-125,6
116-126,9
116-127,10
116-1001,30
117-118,3
117-119,10
117-120,14
117-121,13
117-122,10
117-123,9
117-124,6
117-125,1
117-126,4
117-127,7
117-1001,33
118-119,1
118-120,15
118-121,14
118-122,11
118-123,10
118-124,7
118-125,4
118-126,1
118-127,6
118-1001,34
119-120,18
119-121,17
119-122,14
119-123,13
119-124,10
119-125,9
119-126,6
119-127,1
119-1001,37
120-121,1
120-122,6
120-123,7
120-124,10
120-125,11
120-126,14
120-127,15
120-1001,23
121-122,3
121-123,6
121-124,9
121-125,10
121-126,13
121-127,14
121-1001,26
122-123,1
122-124,6
122-125,7
122-126,10
122-127,11
122-1001,27
123-124,3
123-125,6
123-126,9
123-127,10
123-1001,30
124-125,1
124-126,6
124-127,7
124-1001,31
125-126,3
125-127,6
125-1001,34
126-127,1
126-1001,35
127-1001,38
